[
  {
    "model": "admin.logentry",
    "pk": 1,
    "fields": {
      "action_time": "2022-03-11T02:11:59.542Z",
      "user": 1,
      "content_type": 9,
      "object_id": "1",
      "object_repr": "admin",
      "action_flag": 2,
      "change_message": "[{\"changed\": {\"fields\": [\"User type\"]}}]"
    }
  },
  {
    "model": "admin.logentry",
    "pk": 2,
    "fields": {
      "action_time": "2022-03-11T02:53:49.183Z",
      "user": 1,
      "content_type": 4,
      "object_id": "2",
      "object_repr": "cblake",
      "action_flag": 3,
      "change_message": ""
    }
  },
  {
    "model": "admin.logentry",
    "pk": 3,
    "fields": {
      "action_time": "2022-03-11T03:19:34.322Z",
      "user": 1,
      "content_type": 4,
      "object_id": "5",
      "object_repr": "cblake",
      "action_flag": 3,
      "change_message": ""
    }
  },
  {
    "model": "admin.logentry",
    "pk": 4,
    "fields": {
      "action_time": "2022-03-11T03:21:36.965Z",
      "user": 1,
      "content_type": 4,
      "object_id": "6",
      "object_repr": "cblake",
      "action_flag": 3,
      "change_message": ""
    }
  },
  {
    "model": "admin.logentry",
    "pk": 5,
    "fields": {
      "action_time": "2022-03-11T03:22:39.749Z",
      "user": 1,
      "content_type": 4,
      "object_id": "7",
      "object_repr": "cblake",
      "action_flag": 3,
      "change_message": ""
    }
  },
  {
    "model": "admin.logentry",
    "pk": 6,
    "fields": {
      "action_time": "2022-03-11T03:25:56.658Z",
      "user": 1,
      "content_type": 4,
      "object_id": "8",
      "object_repr": "cblake",
      "action_flag": 3,
      "change_message": ""
    }
  },
  {
    "model": "admin.logentry",
    "pk": 7,
    "fields": {
      "action_time": "2022-03-11T03:29:29.798Z",
      "user": 1,
      "content_type": 4,
      "object_id": "10",
      "object_repr": "cblake",
      "action_flag": 3,
      "change_message": ""
    }
  },
  {
    "model": "admin.logentry",
    "pk": 8,
    "fields": {
      "action_time": "2022-03-11T03:30:18.365Z",
      "user": 1,
      "content_type": 4,
      "object_id": "11",
      "object_repr": "cblake",
      "action_flag": 3,
      "change_message": ""
    }
  },
  {
    "model": "admin.logentry",
    "pk": 9,
    "fields": {
      "action_time": "2022-03-11T03:31:25.216Z",
      "user": 1,
      "content_type": 4,
      "object_id": "12",
      "object_repr": "cblake",
      "action_flag": 3,
      "change_message": ""
    }
  },
  {
    "model": "admin.logentry",
    "pk": 10,
    "fields": {
      "action_time": "2022-03-11T03:31:50.593Z",
      "user": 1,
      "content_type": 4,
      "object_id": "13",
      "object_repr": "cblake",
      "action_flag": 3,
      "change_message": ""
    }
  },
  {
    "model": "admin.logentry",
    "pk": 11,
    "fields": {
      "action_time": "2022-03-11T05:40:20.841Z",
      "user": 1,
      "content_type": 11,
      "object_id": "1",
      "object_repr": "[First Year] First Year-Class 101",
      "action_flag": 3,
      "change_message": ""
    }
  },
  {
    "model": "admin.logentry",
    "pk": 12,
    "fields": {
      "action_time": "2022-03-12T04:05:24.846Z",
      "user": 1,
      "content_type": 4,
      "object_id": "14",
      "object_repr": "cblake",
      "action_flag": 2,
      "change_message": "[{\"changed\": {\"fields\": [\"password\"]}}]"
    }
  },
  {
    "model": "admin.logentry",
    "pk": 13,
    "fields": {
      "action_time": "2022-03-12T04:06:41.463Z",
      "user": 1,
      "content_type": 4,
      "object_id": "14",
      "object_repr": "cblake",
      "action_flag": 2,
      "change_message": "[{\"changed\": {\"fields\": [\"password\"]}}]"
    }
  },
  {
    "model": "admin.logentry",
    "pk": 14,
    "fields": {
      "action_time": "2025-08-01T14:55:13.585Z",
      "user": 1,
      "content_type": 4,
      "object_id": "14",
      "object_repr": "cblake",
      "action_flag": 2,
      "change_message": "[{\"changed\": {\"fields\": [\"Staff status\"]}}]"
    }
  },
  {
    "model": "admin.logentry",
    "pk": 15,
    "fields": {
      "action_time": "2025-08-01T14:59:36.196Z",
      "user": 1,
      "content_type": 4,
      "object_id": "14",
      "object_repr": "cblake",
      "action_flag": 2,
      "change_message": "[{\"changed\": {\"fields\": [\"Staff status\"]}}]"
    }
  },
  {
    "model": "auth.permission",
    "pk": 1,
    "fields": {
      "name": "Can add log entry",
      "content_type": 1,
      "codename": "add_logentry"
    }
  },
  {
    "model": "auth.permission",
    "pk": 2,
    "fields": {
      "name": "Can change log entry",
      "content_type": 1,
      "codename": "change_logentry"
    }
  },
  {
    "model": "auth.permission",
    "pk": 3,
    "fields": {
      "name": "Can delete log entry",
      "content_type": 1,
      "codename": "delete_logentry"
    }
  },
  {
    "model": "auth.permission",
    "pk": 4,
    "fields": {
      "name": "Can view log entry",
      "content_type": 1,
      "codename": "view_logentry"
    }
  },
  {
    "model": "auth.permission",
    "pk": 5,
    "fields": {
      "name": "Can add permission",
      "content_type": 2,
      "codename": "add_permission"
    }
  },
  {
    "model": "auth.permission",
    "pk": 6,
    "fields": {
      "name": "Can change permission",
      "content_type": 2,
      "codename": "change_permission"
    }
  },
  {
    "model": "auth.permission",
    "pk": 7,
    "fields": {
      "name": "Can delete permission",
      "content_type": 2,
      "codename": "delete_permission"
    }
  },
  {
    "model": "auth.permission",
    "pk": 8,
    "fields": {
      "name": "Can view permission",
      "content_type": 2,
      "codename": "view_permission"
    }
  },
  {
    "model": "auth.permission",
    "pk": 9,
    "fields": {
      "name": "Can add group",
      "content_type": 3,
      "codename": "add_group"
    }
  },
  {
    "model": "auth.permission",
    "pk": 10,
    "fields": {
      "name": "Can change group",
      "content_type": 3,
      "codename": "change_group"
    }
  },
  {
    "model": "auth.permission",
    "pk": 11,
    "fields": {
      "name": "Can delete group",
      "content_type": 3,
      "codename": "delete_group"
    }
  },
  {
    "model": "auth.permission",
    "pk": 12,
    "fields": {
      "name": "Can view group",
      "content_type": 3,
      "codename": "view_group"
    }
  },
  {
    "model": "auth.permission",
    "pk": 13,
    "fields": {
      "name": "Can add user",
      "content_type": 4,
      "codename": "add_user"
    }
  },
  {
    "model": "auth.permission",
    "pk": 14,
    "fields": {
      "name": "Can change user",
      "content_type": 4,
      "codename": "change_user"
    }
  },
  {
    "model": "auth.permission",
    "pk": 15,
    "fields": {
      "name": "Can delete user",
      "content_type": 4,
      "codename": "delete_user"
    }
  },
  {
    "model": "auth.permission",
    "pk": 16,
    "fields": {
      "name": "Can view user",
      "content_type": 4,
      "codename": "view_user"
    }
  },
  {
    "model": "auth.permission",
    "pk": 17,
    "fields": {
      "name": "Can add content type",
      "content_type": 5,
      "codename": "add_contenttype"
    }
  },
  {
    "model": "auth.permission",
    "pk": 18,
    "fields": {
      "name": "Can change content type",
      "content_type": 5,
      "codename": "change_contenttype"
    }
  },
  {
    "model": "auth.permission",
    "pk": 19,
    "fields": {
      "name": "Can delete content type",
      "content_type": 5,
      "codename": "delete_contenttype"
    }
  },
  {
    "model": "auth.permission",
    "pk": 20,
    "fields": {
      "name": "Can view content type",
      "content_type": 5,
      "codename": "view_contenttype"
    }
  },
  {
    "model": "auth.permission",
    "pk": 21,
    "fields": {
      "name": "Can add session",
      "content_type": 6,
      "codename": "add_session"
    }
  },
  {
    "model": "auth.permission",
    "pk": 22,
    "fields": {
      "name": "Can change session",
      "content_type": 6,
      "codename": "change_session"
    }
  },
  {
    "model": "auth.permission",
    "pk": 23,
    "fields": {
      "name": "Can delete session",
      "content_type": 6,
      "codename": "delete_session"
    }
  },
  {
    "model": "auth.permission",
    "pk": 24,
    "fields": {
      "name": "Can view session",
      "content_type": 6,
      "codename": "view_session"
    }
  },
  {
    "model": "auth.permission",
    "pk": 25,
    "fields": {
      "name": "Can add course",
      "content_type": 7,
      "codename": "add_course"
    }
  },
  {
    "model": "auth.permission",
    "pk": 26,
    "fields": {
      "name": "Can change course",
      "content_type": 7,
      "codename": "change_course"
    }
  },
  {
    "model": "auth.permission",
    "pk": 27,
    "fields": {
      "name": "Can delete course",
      "content_type": 7,
      "codename": "delete_course"
    }
  },
  {
    "model": "auth.permission",
    "pk": 28,
    "fields": {
      "name": "Can view course",
      "content_type": 7,
      "codename": "view_course"
    }
  },
  {
    "model": "auth.permission",
    "pk": 29,
    "fields": {
      "name": "Can add department",
      "content_type": 8,
      "codename": "add_department"
    }
  },
  {
    "model": "auth.permission",
    "pk": 30,
    "fields": {
      "name": "Can change department",
      "content_type": 8,
      "codename": "change_department"
    }
  },
  {
    "model": "auth.permission",
    "pk": 31,
    "fields": {
      "name": "Can delete department",
      "content_type": 8,
      "codename": "delete_department"
    }
  },
  {
    "model": "auth.permission",
    "pk": 32,
    "fields": {
      "name": "Can view department",
      "content_type": 8,
      "codename": "view_department"
    }
  },
  {
    "model": "auth.permission",
    "pk": 33,
    "fields": {
      "name": "Can add user profile",
      "content_type": 9,
      "codename": "add_userprofile"
    }
  },
  {
    "model": "auth.permission",
    "pk": 34,
    "fields": {
      "name": "Can change user profile",
      "content_type": 9,
      "codename": "change_userprofile"
    }
  },
  {
    "model": "auth.permission",
    "pk": 35,
    "fields": {
      "name": "Can delete user profile",
      "content_type": 9,
      "codename": "delete_userprofile"
    }
  },
  {
    "model": "auth.permission",
    "pk": 36,
    "fields": {
      "name": "Can view user profile",
      "content_type": 9,
      "codename": "view_userprofile"
    }
  },
  {
    "model": "auth.permission",
    "pk": 37,
    "fields": {
      "name": "Can add student",
      "content_type": 10,
      "codename": "add_student"
    }
  },
  {
    "model": "auth.permission",
    "pk": 38,
    "fields": {
      "name": "Can change student",
      "content_type": 10,
      "codename": "change_student"
    }
  },
  {
    "model": "auth.permission",
    "pk": 39,
    "fields": {
      "name": "Can delete student",
      "content_type": 10,
      "codename": "delete_student"
    }
  },
  {
    "model": "auth.permission",
    "pk": 40,
    "fields": {
      "name": "Can view student",
      "content_type": 10,
      "codename": "view_student"
    }
  },
  {
    "model": "auth.permission",
    "pk": 41,
    "fields": {
      "name": "Can add class",
      "content_type": 11,
      "codename": "add_class"
    }
  },
  {
    "model": "auth.permission",
    "pk": 42,
    "fields": {
      "name": "Can change class",
      "content_type": 11,
      "codename": "change_class"
    }
  },
  {
    "model": "auth.permission",
    "pk": 43,
    "fields": {
      "name": "Can delete class",
      "content_type": 11,
      "codename": "delete_class"
    }
  },
  {
    "model": "auth.permission",
    "pk": 44,
    "fields": {
      "name": "Can view class",
      "content_type": 11,
      "codename": "view_class"
    }
  },
  {
    "model": "auth.permission",
    "pk": 45,
    "fields": {
      "name": "Can add class student",
      "content_type": 12,
      "codename": "add_classstudent"
    }
  },
  {
    "model": "auth.permission",
    "pk": 46,
    "fields": {
      "name": "Can change class student",
      "content_type": 12,
      "codename": "change_classstudent"
    }
  },
  {
    "model": "auth.permission",
    "pk": 47,
    "fields": {
      "name": "Can delete class student",
      "content_type": 12,
      "codename": "delete_classstudent"
    }
  },
  {
    "model": "auth.permission",
    "pk": 48,
    "fields": {
      "name": "Can view class student",
      "content_type": 12,
      "codename": "view_classstudent"
    }
  },
  {
    "model": "auth.permission",
    "pk": 49,
    "fields": {
      "name": "Can add attendance",
      "content_type": 13,
      "codename": "add_attendance"
    }
  },
  {
    "model": "auth.permission",
    "pk": 50,
    "fields": {
      "name": "Can change attendance",
      "content_type": 13,
      "codename": "change_attendance"
    }
  },
  {
    "model": "auth.permission",
    "pk": 51,
    "fields": {
      "name": "Can delete attendance",
      "content_type": 13,
      "codename": "delete_attendance"
    }
  },
  {
    "model": "auth.permission",
    "pk": 52,
    "fields": {
      "name": "Can view attendance",
      "content_type": 13,
      "codename": "view_attendance"
    }
  },
  {
    "model": "auth.permission",
    "pk": 53,
    "fields": {
      "name": "Can add user profile",
      "content_type": 14,
      "codename": "add_userprofile"
    }
  },
  {
    "model": "auth.permission",
    "pk": 54,
    "fields": {
      "name": "Can change user profile",
      "content_type": 14,
      "codename": "change_userprofile"
    }
  },
  {
    "model": "auth.permission",
    "pk": 55,
    "fields": {
      "name": "Can delete user profile",
      "content_type": 14,
      "codename": "delete_userprofile"
    }
  },
  {
    "model": "auth.permission",
    "pk": 56,
    "fields": {
      "name": "Can view user profile",
      "content_type": 14,
      "codename": "view_userprofile"
    }
  },
  {
    "model": "auth.permission",
    "pk": 57,
    "fields": {
      "name": "Can add class",
      "content_type": 9,
      "codename": "add_class"
    }
  },
  {
    "model": "auth.permission",
    "pk": 58,
    "fields": {
      "name": "Can change class",
      "content_type": 9,
      "codename": "change_class"
    }
  },
  {
    "model": "auth.permission",
    "pk": 59,
    "fields": {
      "name": "Can delete class",
      "content_type": 9,
      "codename": "delete_class"
    }
  },
  {
    "model": "auth.permission",
    "pk": 60,
    "fields": {
      "name": "Can view class",
      "content_type": 9,
      "codename": "view_class"
    }
  },
  {
    "model": "auth.permission",
    "pk": 61,
    "fields": {
      "name": "Can add section",
      "content_type": 10,
      "codename": "add_section"
    }
  },
  {
    "model": "auth.permission",
    "pk": 62,
    "fields": {
      "name": "Can change section",
      "content_type": 10,
      "codename": "change_section"
    }
  },
  {
    "model": "auth.permission",
    "pk": 63,
    "fields": {
      "name": "Can delete section",
      "content_type": 10,
      "codename": "delete_section"
    }
  },
  {
    "model": "auth.permission",
    "pk": 64,
    "fields": {
      "name": "Can view section",
      "content_type": 10,
      "codename": "view_section"
    }
  },
  {
    "model": "auth.permission",
    "pk": 65,
    "fields": {
      "name": "Can add student",
      "content_type": 11,
      "codename": "add_student"
    }
  },
  {
    "model": "auth.permission",
    "pk": 66,
    "fields": {
      "name": "Can change student",
      "content_type": 11,
      "codename": "change_student"
    }
  },
  {
    "model": "auth.permission",
    "pk": 67,
    "fields": {
      "name": "Can delete student",
      "content_type": 11,
      "codename": "delete_student"
    }
  },
  {
    "model": "auth.permission",
    "pk": 68,
    "fields": {
      "name": "Can view student",
      "content_type": 11,
      "codename": "view_student"
    }
  },
  {
    "model": "auth.permission",
    "pk": 69,
    "fields": {
      "name": "Can add timetable",
      "content_type": 15,
      "codename": "add_timetable"
    }
  },
  {
    "model": "auth.permission",
    "pk": 70,
    "fields": {
      "name": "Can change timetable",
      "content_type": 15,
      "codename": "change_timetable"
    }
  },
  {
    "model": "auth.permission",
    "pk": 71,
    "fields": {
      "name": "Can delete timetable",
      "content_type": 15,
      "codename": "delete_timetable"
    }
  },
  {
    "model": "auth.permission",
    "pk": 72,
    "fields": {
      "name": "Can view timetable",
      "content_type": 15,
      "codename": "view_timetable"
    }
  },
  {
    "model": "auth.permission",
    "pk": 73,
    "fields": {
      "name": "Can add timetable slot",
      "content_type": 16,
      "codename": "add_timetableslot"
    }
  },
  {
    "model": "auth.permission",
    "pk": 74,
    "fields": {
      "name": "Can change timetable slot",
      "content_type": 16,
      "codename": "change_timetableslot"
    }
  },
  {
    "model": "auth.permission",
    "pk": 75,
    "fields": {
      "name": "Can delete timetable slot",
      "content_type": 16,
      "codename": "delete_timetableslot"
    }
  },
  {
    "model": "auth.permission",
    "pk": 76,
    "fields": {
      "name": "Can view timetable slot",
      "content_type": 16,
      "codename": "view_timetableslot"
    }
  },
  {
    "model": "auth.permission",
    "pk": 77,
    "fields": {
      "name": "Can add section schedule",
      "content_type": 17,
      "codename": "add_sectionschedule"
    }
  },
  {
    "model": "auth.permission",
    "pk": 78,
    "fields": {
      "name": "Can change section schedule",
      "content_type": 17,
      "codename": "change_sectionschedule"
    }
  },
  {
    "model": "auth.permission",
    "pk": 79,
    "fields": {
      "name": "Can delete section schedule",
      "content_type": 17,
      "codename": "delete_sectionschedule"
    }
  },
  {
    "model": "auth.permission",
    "pk": 80,
    "fields": {
      "name": "Can view section schedule",
      "content_type": 17,
      "codename": "view_sectionschedule"
    }
  },
  {
    "model": "auth.permission",
    "pk": 81,
    "fields": {
      "name": "Can add weekly session",
      "content_type": 18,
      "codename": "add_weeklysession"
    }
  },
  {
    "model": "auth.permission",
    "pk": 82,
    "fields": {
      "name": "Can change weekly session",
      "content_type": 18,
      "codename": "change_weeklysession"
    }
  },
  {
    "model": "auth.permission",
    "pk": 83,
    "fields": {
      "name": "Can delete weekly session",
      "content_type": 18,
      "codename": "delete_weeklysession"
    }
  },
  {
    "model": "auth.permission",
    "pk": 84,
    "fields": {
      "name": "Can view weekly session",
      "content_type": 18,
      "codename": "view_weeklysession"
    }
  },
  {
    "model": "auth.permission",
    "pk": 85,
    "fields": {
      "name": "Can add daily attendance",
      "content_type": 19,
      "codename": "add_dailyattendance"
    }
  },
  {
    "model": "auth.permission",
    "pk": 86,
    "fields": {
      "name": "Can change daily attendance",
      "content_type": 19,
      "codename": "change_dailyattendance"
    }
  },
  {
    "model": "auth.permission",
    "pk": 87,
    "fields": {
      "name": "Can delete daily attendance",
      "content_type": 19,
      "codename": "delete_dailyattendance"
    }
  },
  {
    "model": "auth.permission",
    "pk": 88,
    "fields": {
      "name": "Can view daily attendance",
      "content_type": 19,
      "codename": "view_dailyattendance"
    }
  },
  {
    "model": "auth.permission",
    "pk": 89,
    "fields": {
      "name": "Can add section daily attendance",
      "content_type": 20,
      "codename": "add_sectiondailyattendance"
    }
  },
  {
    "model": "auth.permission",
    "pk": 90,
    "fields": {
      "name": "Can change section daily attendance",
      "content_type": 20,
      "codename": "change_sectiondailyattendance"
    }
  },
  {
    "model": "auth.permission",
    "pk": 91,
    "fields": {
      "name": "Can delete section daily attendance",
      "content_type": 20,
      "codename": "delete_sectiondailyattendance"
    }
  },
  {
    "model": "auth.permission",
    "pk": 92,
    "fields": {
      "name": "Can view section daily attendance",
      "content_type": 20,
      "codename": "view_sectiondailyattendance"
    }
  },
  {
    "model": "auth.user",
    "pk": 1,
    "fields": {
      "password": "pbkdf2_sha256$1000000$ceJRxW3ypBr8OIDF9wPOkw$ULUuz0oVzk3HYSKh3yqINe7ZJ4lDUuP6zLQE16E/EIc=",
      "last_login": "2025-08-20T04:30:04.040Z",
      "is_superuser": true,
      "username": "admin",
      "first_name": "Super Admin",
      "last_name": "Administrator",
      "email": "admin@gmail.com",
      "is_staff": true,
      "is_active": true,
      "date_joined": "2022-03-10T07:23:41.968Z",
      "groups": [],
      "user_permissions": []
    }
  },
  {
    "model": "auth.user",
    "pk": 17,
    "fields": {
      "password": "pbkdf2_sha256$1000000$yB0I4Z8Vt7yLqcEm8kGG9y$/fQjvS6kzildwuGFVr0q8J00GNuKaWoJC7kaM6sNLG4=",
      "last_login": "2025-08-20T04:22:19.406Z",
      "is_superuser": false,
      "username": "sora",
      "first_name": "Sora",
      "last_name": "",
      "email": "sora@gmail.com",
      "is_staff": false,
      "is_active": true,
      "date_joined": "2025-08-05T13:55:33.987Z",
      "groups": [],
      "user_permissions": []
    }
  },
  {
    "model": "auth.user",
    "pk": 18,
    "fields": {
      "password": "pbkdf2_sha256$1000000$or35aUFnEPsZd3TPPUNgyk$I94YA5A5nq/FqPVeJzkYrG2oOe6Ps3iY2eNhvodR9c4=",
      "last_login": "2025-08-19T14:47:49.045Z",
      "is_superuser": false,
      "username": "xorn",
      "first_name": "Xorn",
      "last_name": "",
      "email": "xorn@gmail.com",
      "is_staff": false,
      "is_active": true,
      "date_joined": "2025-08-06T04:40:20.578Z",
      "groups": [],
      "user_permissions": []
    }
  },
  {
    "model": "auth.user",
    "pk": 19,
    "fields": {
      "password": "pbkdf2_sha256$1000000$EyS1TFrgBHs5gviUPM5okc$KvtY5jkPMSVb33H6unOUBmDQ86TxCu0hhuTW6ZyldRQ=",
      "last_login": "2025-08-19T07:35:37.592Z",
      "is_superuser": false,
      "username": "nwet",
      "first_name": "Tchal Nwet",
      "last_name": "",
      "email": "nwet@gmail.com",
      "is_staff": false,
      "is_active": true,
      "date_joined": "2025-08-06T05:40:15.830Z",
      "groups": [],
      "user_permissions": []
    }
  },
  {
    "model": "auth.user",
    "pk": 20,
    "fields": {
      "password": "pbkdf2_sha256$1000000$F5vSjC77qppqI9X73DJ88K$TrspYO73m8CuyNk5JatxjQFJ4AJIqI1DcEUGpoS2Oas=",
      "last_login": null,
      "is_superuser": false,
      "username": "kyaw",
      "first_name": "U Kyaw Kyaw",
      "last_name": "",
      "email": "kyaw@gmail.com",
      "is_staff": false,
      "is_active": true,
      "date_joined": "2025-08-06T05:42:02.970Z",
      "groups": [],
      "user_permissions": []
    }
  },
  {
    "model": "auth.user",
    "pk": 21,
    "fields": {
      "password": "pbkdf2_sha256$1000000$HNhqMMa9nxGWiLQz6OgPdu$4nW0aFhYyPbAU37gT0zQX2iRjCdcDmidsoLu4rpHwLQ=",
      "last_login": null,
      "is_superuser": false,
      "username": "tin",
      "first_name": "Tchal Tin",
      "last_name": "",
      "email": "tin@gmail.com",
      "is_staff": false,
      "is_active": true,
      "date_joined": "2025-08-06T05:44:07.733Z",
      "groups": [],
      "user_permissions": []
    }
  },
  {
    "model": "auth.user",
    "pk": 22,
    "fields": {
      "password": "pbkdf2_sha256$1000000$WMXitef31PdOz1u0XxKaYJ$5Ke9jPzWsu5OTqzXKHZiBvYllV2ePFdu6oPW1K4o3yA=",
      "last_login": "2025-08-12T14:11:10.539Z",
      "is_superuser": false,
      "username": "aye",
      "first_name": "Tchal Aye",
      "last_name": "",
      "email": "aye@gmail.com",
      "is_staff": false,
      "is_active": true,
      "date_joined": "2025-08-06T05:45:14.814Z",
      "groups": [],
      "user_permissions": []
    }
  },
  {
    "model": "auth.user",
    "pk": 23,
    "fields": {
      "password": "pbkdf2_sha256$1000000$HrcxfdZrWxDEmHvqgDSYbY$Wl5L9waZnrFTDGL31Hx7q7w4KyHxDFGkLH3xUyE5i4w=",
      "last_login": "2025-08-19T05:36:17.432Z",
      "is_superuser": false,
      "username": "hlaoo",
      "first_name": "Hla Oo",
      "last_name": "",
      "email": "kyawkyaw@gmail.com",
      "is_staff": false,
      "is_active": true,
      "date_joined": "2025-08-07T14:26:41.253Z",
      "groups": [],
      "user_permissions": []
    }
  },
  {
    "model": "auth.user",
    "pk": 25,
    "fields": {
      "password": "pbkdf2_sha256$1000000$zZBwcTd7NLjq9icTtkjYPo$4GDO4Hp9vC5/F8RZVtSSlii2LV6gY3/wq0tjrAmECv0=",
      "last_login": "2025-08-20T04:32:21.760Z",
      "is_superuser": false,
      "username": "hlanu",
      "first_name": "Daw Hla Nu",
      "last_name": "",
      "email": "hlanu@gmail.com",
      "is_staff": false,
      "is_active": true,
      "date_joined": "2025-08-19T12:30:51.166Z",
      "groups": [],
      "user_permissions": []
    }
  },
  {
    "model": "contenttypes.contenttype",
    "pk": 1,
    "fields": {
      "app_label": "admin",
      "model": "logentry"
    }
  },
  {
    "model": "contenttypes.contenttype",
    "pk": 2,
    "fields": {
      "app_label": "auth",
      "model": "permission"
    }
  },
  {
    "model": "contenttypes.contenttype",
    "pk": 3,
    "fields": {
      "app_label": "auth",
      "model": "group"
    }
  },
  {
    "model": "contenttypes.contenttype",
    "pk": 4,
    "fields": {
      "app_label": "auth",
      "model": "user"
    }
  },
  {
    "model": "contenttypes.contenttype",
    "pk": 5,
    "fields": {
      "app_label": "contenttypes",
      "model": "contenttype"
    }
  },
  {
    "model": "contenttypes.contenttype",
    "pk": 6,
    "fields": {
      "app_label": "sessions",
      "model": "session"
    }
  },
  {
    "model": "contenttypes.contenttype",
    "pk": 7,
    "fields": {
      "app_label": "attendance",
      "model": "course"
    }
  },
  {
    "model": "contenttypes.contenttype",
    "pk": 8,
    "fields": {
      "app_label": "attendance",
      "model": "department"
    }
  },
  {
    "model": "contenttypes.contenttype",
    "pk": 9,
    "fields": {
      "app_label": "attendance",
      "model": "class"
    }
  },
  {
    "model": "contenttypes.contenttype",
    "pk": 10,
    "fields": {
      "app_label": "attendance",
      "model": "section"
    }
  },
  {
    "model": "contenttypes.contenttype",
    "pk": 11,
    "fields": {
      "app_label": "attendance",
      "model": "student"
    }
  },
  {
    "model": "contenttypes.contenttype",
    "pk": 12,
    "fields": {
      "app_label": "attendance",
      "model": "classstudent"
    }
  },
  {
    "model": "contenttypes.contenttype",
    "pk": 13,
    "fields": {
      "app_label": "attendance",
      "model": "attendance"
    }
  },
  {
    "model": "contenttypes.contenttype",
    "pk": 14,
    "fields": {
      "app_label": "attendance",
      "model": "userprofile"
    }
  },
  {
    "model": "contenttypes.contenttype",
    "pk": 15,
    "fields": {
      "app_label": "attendance",
      "model": "timetable"
    }
  },
  {
    "model": "contenttypes.contenttype",
    "pk": 16,
    "fields": {
      "app_label": "attendance",
      "model": "timetableslot"
    }
  },
  {
    "model": "contenttypes.contenttype",
    "pk": 17,
    "fields": {
      "app_label": "attendance",
      "model": "sectionschedule"
    }
  },
  {
    "model": "contenttypes.contenttype",
    "pk": 18,
    "fields": {
      "app_label": "attendance",
      "model": "weeklysession"
    }
  },
  {
    "model": "contenttypes.contenttype",
    "pk": 19,
    "fields": {
      "app_label": "attendance",
      "model": "dailyattendance"
    }
  },
  {
    "model": "contenttypes.contenttype",
    "pk": 20,
    "fields": {
      "app_label": "attendance",
      "model": "sectiondailyattendance"
    }
  },
  {
    "model": "sessions.session",
    "pk": "0f1krag7h0xfmcpko1t3ag7lro4yqprb",
    "fields": {
      "session_data": ".eJxVjDsOwjAQRO_iGllZ2-s1lPScwVr_cAA5UpxUiLuTSCmgmGbem3kLz-tS_drz7MckLgLE6bcLHJ-57SA9uN0nGae2zGOQuyIP2uVtSvl1Pdy_g8q9bmtnMiVUqNGScZEBVFGmDGcmcDZjoEGjhi0WwGikFFxBRckBoAUjPl-i-DXF:1uiBss:4ZCW8dpHT6cL0ciLLoW0O9uXZTKFz5V6iGd5vO6Y4SU",
      "expire_date": "2025-08-16T13:02:46.215Z"
    }
  },
  {
    "model": "sessions.session",
    "pk": "4ghphq49dgqr0ssfgqgbw19gmgu2mq3g",
    "fields": {
      "session_data": ".eJxVjDsOwjAQRO_iGllZ2-s1lPScwVr_cAA5UpxUiLuTSCmgmGbem3kLz-tS_drz7MckLgLE6bcLHJ-57SA9uN0nGae2zGOQuyIP2uVtSvl1Pdy_g8q9bmtnMiVUqNGScZEBVFGmDGcmcDZjoEGjhi0WwGikFFxBRckBoAUjPl-i-DXF:1uiBpo:HK5M01eJHmLFlGODiKT9uSfiCRfKXEif0HAIZgHqbz8",
      "expire_date": "2025-08-16T12:59:36.030Z"
    }
  },
  {
    "model": "sessions.session",
    "pk": "80nwxq9dsf802tum9fkmui0fjof6p2xx",
    "fields": {
      "session_data": ".eJxVjDEOwjAMRe-SGUWNhUPCyM4ZIjt2SQGlUtNOiLtDpA6gv_339F4m0baWtDVd0iTmbADN4fdkyg-tncid6m22ea7rMrHtit1ps9dZ9HnZ3b9AoVZ6F4DBOwyEMQ45yOgkOIRA2YdI7Fxg9vGo34kOMJIKRRSIisruZN4f9sQ4Pg:1uoaUn:3JMJ2TuxWmkRaC8bMC_awoYlrHqAOnRmS-_rYfbqhEg",
      "expire_date": "2025-09-03T04:32:21.799Z"
    }
  },
  {
    "model": "sessions.session",
    "pk": "b1iz69mx5d52rhgxi884s8inzrft8w0g",
    "fields": {
      "session_data": ".eJxVjEEOwiAQRe_C2hBgpmhduu8ZCMMMUjU0Ke3KeHdD0oVu_3vvv1WI-1bC3mQNM6ursur0u1FMT6kd8CPW-6LTUrd1Jt0VfdCmp4XldTvcv4MSW-l1yjafDeYE4gEyMBtHlwEJDBKRkRSNYHbi0VkLJN6NMiDm0TKAqM8X_6Y4Rw:1nSEox:IlvFRRk-2yV15dzgfbCSkzoUs-EDuf9BE-z7zuailYg",
      "expire_date": "2022-03-24T09:10:55.520Z"
    }
  },
  {
    "model": "sessions.session",
    "pk": "daqs0ily7hsts86jst1bjm4qxim2uts2",
    "fields": {
      "session_data": ".eJxVjEEOwiAQRe_C2hBgpmhduu8ZCMMMUjU0Ke3KeHdD0oVu_3vvv1WI-1bC3mQNM6ursur0u1FMT6kd8CPW-6LTUrd1Jt0VfdCmp4XldTvcv4MSW-l1yjafDeYE4gEyMBtHlwEJDBKRkRSNYHbi0VkLJN6NMiDm0TKAqM8X_6Y4Rw:1nSE3G:jdNDPfNpCLFZDLJPaQbtage2JjMtK6Q3RZ-nBJiL5EY",
      "expire_date": "2022-03-24T08:21:38.351Z"
    }
  },
  {
    "model": "sessions.session",
    "pk": "f4wlljoq2rh6o1all7gyxjou33nsthzb",
    "fields": {
      "session_data": ".eJxVjEEOwiAQRe_C2hBACoNL9z0DGYZBqoYmpV0Z765NutDtf-_9l4i4rTVunZc4ZXERWpx-t4T04LaDfMd2myXNbV2mJHdFHrTLcc78vB7u30HFXr81pEKWfSpomAerXOAB_dmVlMEGIKNQk9MqkCXPOoN3bAgggGLPoMX7AwB1OCA:1uk33b:0vVgXqm1YPLwODTExl2_8dS11fghKnCbJy0S5lavkJU",
      "expire_date": "2025-08-21T16:01:31.827Z"
    }
  },
  {
    "model": "sessions.session",
    "pk": "gg4b2d7ut310s21vxup55ztl8my1ymmg",
    "fields": {
      "session_data": ".eJxVjEEOwiAQRe_C2hCgOIBL956BDMwgVUOT0q6Md7dNutDtf-_9t4i4LjWunec4krgILU6_W8L85LYDemC7TzJPbZnHJHdFHrTL20T8uh7u30HFXrcaVQlZKWedBpcJNFDwAS36AGlADUn5UkoiB-wHsi6UTWCgszNsjBGfL9vPN8Y:1uoBTq:OLBgOSaXlrtP-bAQOJmRsHL0O6y1sB1WJFMrJa3kRcE",
      "expire_date": "2025-09-02T01:49:42.714Z"
    }
  },
  {
    "model": "sessions.session",
    "pk": "ggvhyvv1xktsbv8k8se9luv8oybb2tym",
    "fields": {
      "session_data": ".eJxVjEEOwiAQRe_C2hCgOIBL956BDMwgVUOT0q6Md7dNutDtf-_9t4i4LjWunec4krgILU6_W8L85LYDemC7TzJPbZnHJHdFHrTL20T8uh7u30HFXrcaVQlZKWedBpcJNFDwAS36AGlADUn5UkoiB-wHsi6UTWCgszNsjBGfL9vPN8Y:1ulpmS:4SWId_sFTsKsJ1C9DnC_oJ5Y6fsfpjfLqNDsRP0z_ec",
      "expire_date": "2025-08-26T14:15:12.687Z"
    }
  },
  {
    "model": "sessions.session",
    "pk": "ie968nq151q7295wmonwp5xjrnwvke52",
    "fields": {
      "session_data": ".eJxVjEEOwiAQRe_C2hCgOIBL956BDMwgVUOT0q6Md7dNutDtf-_9t4i4LjWunec4krgILU6_W8L85LYDemC7TzJPbZnHJHdFHrTL20T8uh7u30HFXrcaVQlZKWedBpcJNFDwAS36AGlADUn5UkoiB-wHsi6UTWCgszNsjBGfL9vPN8Y:1ukOSM:uOKJhf8Ook6HukA2wPfromDNsmCKQ4mHLAM7ktPlTVI",
      "expire_date": "2025-08-22T14:52:30.775Z"
    }
  },
  {
    "model": "sessions.session",
    "pk": "kikbq4z4h4mpoa1rnzwjj2ekkiwit6rd",
    "fields": {
      "session_data": ".eJxVjEEOwiAQRe_C2hBgpmhduu8ZCMMMUjU0Ke3KeHdD0oVu_3vvv1WI-1bC3mQNM6ursur0u1FMT6kd8CPW-6LTUrd1Jt0VfdCmp4XldTvcv4MSW-l1yjafDeYE4gEyMBtHlwEJDBKRkRSNYHbi0VkLJN6NMiDm0TKAqM8X_6Y4Rw:1nSuUi:yqLGGiDyI-dQ374oCbBmFOWG5i2r_EqSB719eWY5_5A",
      "expire_date": "2022-03-26T05:40:48.244Z"
    }
  },
  {
    "model": "sessions.session",
    "pk": "kyoq61g6fksrpgezv26p756ue6f3785q",
    "fields": {
      "session_data": ".eJxVjDsOwjAQBe_iGln-bgwlPWew1rs2CSBbipMKcXcSKQW0b2beW0RclzGuPc9xYnER2onT75iQnrnuhB9Y701Sq8s8Jbkr8qBd3hrn1_Vw_w5G7ONWD-BJOcxgIDAlDh4HVmEgBQAhWb9BY9mEM1mtvU3BGy4FyIHjgiQ-X_X2N9k:1nStaY:VDFWL2KP94dV7el1Uy22ymYqO0mS_olxxF1u9m4yOiw",
      "expire_date": "2022-03-26T04:42:46.412Z"
    }
  },
  {
    "model": "sessions.session",
    "pk": "ptn26jv1a54ya63tt85egg36eyyv8fvq",
    "fields": {
      "session_data": ".eJxVjEEOwiAQRe_C2hCgOIBL956BDMwgVUOT0q6Md7dNutDtf-_9t4i4LjWunec4krgILU6_W8L85LYDemC7TzJPbZnHJHdFHrTL20T8uh7u30HFXrcaVQlZKWedBpcJNFDwAS36AGlADUn5UkoiB-wHsi6UTWCgszNsjBGfL9vPN8Y:1ulUM6:oebj7NxJ2odNh9yoBDSKN75I6FgwZqu28Vcn09fzp9U",
      "expire_date": "2025-08-25T15:22:34.925Z"
    }
  },
  {
    "model": "sessions.session",
    "pk": "qqtkcatt5tqbgjzcapl6iueotpmxm8fh",
    "fields": {
      "session_data": ".eJxVjDsOwjAQRO_iGllZ2-s1lPScwVr_cAA5UpxUiLuTSCmgmGbem3kLz-tS_drz7MckLgLE6bcLHJ-57SA9uN0nGae2zGOQuyIP2uVtSvl1Pdy_g8q9bmtnMiVUqNGScZEBVFGmDGcmcDZjoEGjhi0WwGikFFxBRckBoAUjPl-i-DXF:1uioGd:uyDaWbVB0RdBMkgSnp1Z5YAg2D3JnvaNFliyY3idpGQ",
      "expire_date": "2025-08-18T06:01:51.765Z"
    }
  },
  {
    "model": "sessions.session",
    "pk": "r6nir3xh4aqucos5m32502b6uyb4syb7",
    "fields": {
      "session_data": ".eJxVjDsOwyAQBe9CHSE-BkzK9D4DWnYhOIlAMnYV5e6xJRdJ-2bmvVmAbS1h62kJM7ErU5pdfscI-Ez1IPSAem8cW12XOfJD4SftfGqUXrfT_Tso0MteZ4-glJUjekFRjg5dshGN1kJmlY0AGow3pDSQAOWdkFFanyBmPewd-3wBBb43wA:1uk2C8:HCA69e09ULFg0yCqYzwixJtV7eMqXT1vUM807QI6DKg",
      "expire_date": "2025-08-21T15:06:16.517Z"
    }
  },
  {
    "model": "sessions.session",
    "pk": "xb4ifvucnc80gi5u9ceccbfe8h2whrj4",
    "fields": {
      "session_data": ".eJxVjMsOwiAQRf-FtSG8hoJL934DAWaQqoGktCvjv2uTLnR7zzn3xULc1hq2QUuYkZ2ZZKffLcX8oLYDvMd26zz3ti5z4rvCDzr4tSM9L4f7d1DjqN_aFzIgky9AJhJhEdJmZUhPGnT2OOnkFFr0QOSEccqqBB5lFuCztYK9P_LQN7g:1uk18g:Ptsl9TRBJ8OLRJCwGVf_5FZiKzN-PtLKJHc8hUo82YQ",
      "expire_date": "2025-08-21T13:58:38.858Z"
    }
  },
  {
    "model": "sessions.session",
    "pk": "y5xipzsqb82tughs77f82qw4knzsor93",
    "fields": {
      "session_data": ".eJxVjEEOwiAQRe_C2pC20KG4dO8ZyMDMSNVAUtqV8e7apAvd_vfef6mA25rD1ngJM6mz6tXpd4uYHlx2QHcst6pTLesyR70r-qBNXyvx83K4fwcZW_7WtrMcJ0SMXoAH7x2DBeNjMj0YGoE9AzI7cSCjG7zt0JhJxFiiKKLeH_FGOIc:1uk1cp:J9Ze0McC3v9Zdo0YQONY_2gpeX6aG98Tr3PL5RN7PsA",
      "expire_date": "2025-08-21T14:29:47.719Z"
    }
  },
  {
    "model": "attendance.department",
    "pk": 1,
    "fields": {
      "name": "Faculty of information science",
      "description": "FIS",
      "status": 1,
      "date_added": "2022-03-10T09:09:49.941Z",
      "date_updated": "2025-08-11T04:39:59.781Z"
    }
  },
  {
    "model": "attendance.department",
    "pk": 2,
    "fields": {
      "name": "Information Technology Supporting and Maintenance",
      "description": "ITSM",
      "status": 1,
      "date_added": "2022-03-11T00:35:07.614Z",
      "date_updated": "2025-08-15T03:13:24.967Z"
    }
  },
  {
    "model": "attendance.department",
    "pk": 3,
    "fields": {
      "name": "Faculty of Computer Science and Technology",
      "description": "FCST",
      "status": 1,
      "date_added": "2022-03-11T00:39:21.657Z",
      "date_updated": "2025-08-15T03:15:28.076Z"
    }
  },
  {
    "model": "attendance.department",
    "pk": 4,
    "fields": {
      "name": "Faculty of Computer Science",
      "description": "FCS",
      "status": 1,
      "date_added": "2022-03-11T00:39:44.504Z",
      "date_updated": "2025-08-15T03:15:57.709Z"
    }
  },
  {
    "model": "attendance.department",
    "pk": 5,
    "fields": {
      "name": "Faculty of Computing",
      "description": "FCM",
      "status": 1,
      "date_added": "2022-03-11T00:46:54.794Z",
      "date_updated": "2025-08-15T03:17:04.012Z"
    }
  },
  {
    "model": "attendance.department",
    "pk": 6,
    "fields": {
      "name": "Department of Language",
      "description": "Language",
      "status": 1,
      "date_added": "2022-03-12T08:02:28.767Z",
      "date_updated": "2025-08-15T03:17:30.885Z"
    }
  },
  {
    "model": "attendance.department",
    "pk": 8,
    "fields": {
      "name": "Department of Natural Science",
      "description": "Natural Science",
      "status": 1,
      "date_added": "2025-08-06T03:39:17.689Z",
      "date_updated": "2025-08-15T03:18:05.853Z"
    }
  },
  {
    "model": "attendance.userprofile",
    "pk": 1,
    "fields": {
      "user": 1,
      "contact": "09123456789",
      "dob": "1997-06-23",
      "address": "UCSY",
      "avatar": "images/avatar.png",
      "user_type": 1,
      "gender": null,
      "department": null
    }
  },
  {
    "model": "attendance.userprofile",
    "pk": 17,
    "fields": {
      "user": 17,
      "contact": "09791017918",
      "dob": "2004-10-08",
      "address": "Hpa-an",
      "avatar": "images/images_4.jpg",
      "user_type": 3,
      "gender": "Female",
      "department": 2
    }
  },
  {
    "model": "attendance.userprofile",
    "pk": 18,
    "fields": {
      "user": 18,
      "contact": "09675901448",
      "dob": "2004-03-15",
      "address": "Kyaik-Hto",
      "avatar": "images/rabbit.jpg",
      "user_type": 2,
      "gender": "Male",
      "department": 2
    }
  },
  {
    "model": "attendance.userprofile",
    "pk": 19,
    "fields": {
      "user": 19,
      "contact": "0975629224",
      "dob": "1997-02-26",
      "address": "Yangon",
      "avatar": "images/wooky.jpg",
      "user_type": 2,
      "gender": "Female",
      "department": 2
    }
  },
  {
    "model": "attendance.userprofile",
    "pk": 20,
    "fields": {
      "user": 20,
      "contact": "0987893747",
      "dob": "1996-05-27",
      "address": "Yangon",
      "avatar": "images/cat.jpg",
      "user_type": 2,
      "gender": "Male",
      "department": 2
    }
  },
  {
    "model": "attendance.userprofile",
    "pk": 21,
    "fields": {
      "user": 21,
      "contact": "09962270911",
      "dob": "1997-06-04",
      "address": "Yangon",
      "avatar": "images/images_4_1lzWNnv.jpg",
      "user_type": 2,
      "gender": "Female",
      "department": 2
    }
  },
  {
    "model": "attendance.userprofile",
    "pk": 22,
    "fields": {
      "user": 22,
      "contact": "0974737864",
      "dob": "1997-05-07",
      "address": "Yangon",
      "avatar": "images/rabbit_784yEJt.jpg",
      "user_type": 2,
      "gender": "Male",
      "department": 2
    }
  },
  {
    "model": "attendance.userprofile",
    "pk": 23,
    "fields": {
      "user": 23,
      "contact": "0975849754",
      "dob": "1997-02-21",
      "address": "Mandalay",
      "avatar": "images/moon.jpg",
      "user_type": 2,
      "gender": "Male",
      "department": 1
    }
  },
  {
    "model": "attendance.userprofile",
    "pk": 25,
    "fields": {
      "user": 25,
      "contact": "09475489737",
      "dob": "1997-10-31",
      "address": "Myit Kyi Nar",
      "avatar": "images/photo_2024-01-15_18-38-22.jpg",
      "user_type": 3,
      "gender": "Female",
      "department": 1
    }
  },
  {
    "model": "attendance.course",
    "pk": 19,
    "fields": {
      "department": 2,
      "name": "BIS",
      "status": 1,
      "date_added": "2025-08-06T04:38:43.210Z",
      "date_updated": "2025-08-10T02:43:20.453Z"
    }
  },
  {
    "model": "attendance.course",
    "pk": 20,
    "fields": {
      "department": 1,
      "name": "SE",
      "status": 1,
      "date_added": "2025-08-06T05:51:34.699Z",
      "date_updated": "2025-08-10T02:47:01.903Z"
    }
  },
  {
    "model": "attendance.course",
    "pk": 21,
    "fields": {
      "department": 1,
      "name": "KE",
      "status": 1,
      "date_added": "2025-08-06T05:56:28.301Z",
      "date_updated": "2025-08-15T03:26:37.564Z"
    }
  },
  {
    "model": "attendance.course",
    "pk": 24,
    "fields": {
      "department": 4,
      "name": "HPC",
      "status": 1,
      "date_added": "2025-08-06T06:00:16.268Z",
      "date_updated": "2025-08-10T02:47:55.179Z"
    }
  },
  {
    "model": "attendance.course",
    "pk": 25,
    "fields": {
      "department": 5,
      "name": "CSF",
      "status": 1,
      "date_added": "2025-08-06T06:01:28.357Z",
      "date_updated": "2025-08-10T02:48:09.283Z"
    }
  },
  {
    "model": "attendance.course",
    "pk": 26,
    "fields": {
      "department": 8,
      "name": "CT",
      "status": 1,
      "date_added": "2025-08-06T06:01:54.165Z",
      "date_updated": "2025-08-10T03:36:18.930Z"
    }
  },
  {
    "model": "attendance.section",
    "pk": 1,
    "fields": {
      "name": "E-004",
      "course": 19
    }
  },
  {
    "model": "attendance.section",
    "pk": 2,
    "fields": {
      "name": "E-001",
      "course": 20
    }
  },
  {
    "model": "attendance.section",
    "pk": 4,
    "fields": {
      "name": "E-002",
      "course": 20
    }
  },
  {
    "model": "attendance.section",
    "pk": 5,
    "fields": {
      "name": "E-003",
      "course": 20
    }
  },
  {
    "model": "attendance.section",
    "pk": 6,
    "fields": {
      "name": "E-101",
      "course": 24
    }
  },
  {
    "model": "attendance.section",
    "pk": 7,
    "fields": {
      "name": "E-102",
      "course": 25
    }
  },
  {
    "model": "attendance.section",
    "pk": 10,
    "fields": {
      "name": "E-005",
      "course": 21
    }
  },
  {
    "model": "attendance.section",
    "pk": 11,
    "fields": {
      "name": "E-105",
      "course": 26
    }
  },
  {
    "model": "attendance.section",
    "pk": 12,
    "fields": {
      "name": "E-006",
      "course": 21
    }
  },
  {
    "model": "attendance.student",
    "pk": 3,
    "fields": {
      "student_code": "22550",
      "course": 19,
      "first_name": "Angela",
      "section": 1,
      "gender": "Female",
      "dob": "1997-06-23",
      "contact": "09987564123",
      "date_added": "2022-03-12T08:07:28.914Z",
      "date_updated": "2025-08-15T05:18:58.016Z"
    }
  },
  {
    "model": "attendance.student",
    "pk": 7,
    "fields": {
      "student_code": "22543",
      "course": 19,
      "first_name": "Kyaw Soe",
      "section": 1,
      "gender": "Male",
      "dob": "2004-03-15",
      "contact": "09962270911",
      "date_added": "2025-08-06T04:43:05.994Z",
      "date_updated": "2025-08-10T06:39:14.674Z"
    }
  },
  {
    "model": "attendance.student",
    "pk": 8,
    "fields": {
      "student_code": "22373",
      "course": 19,
      "first_name": "Hnin Htet Htet Sam",
      "section": 1,
      "gender": "Female",
      "dob": "2004-05-08",
      "contact": "09787348341",
      "date_added": "2025-08-06T04:46:28.447Z",
      "date_updated": "2025-08-10T06:39:21.137Z"
    }
  },
  {
    "model": "attendance.student",
    "pk": 9,
    "fields": {
      "student_code": "22567",
      "course": 19,
      "first_name": "Su Su",
      "section": 1,
      "gender": "Female",
      "dob": "2003-08-30",
      "contact": "09579727593",
      "date_added": "2025-08-06T05:34:47.761Z",
      "date_updated": "2025-08-10T06:39:27.693Z"
    }
  },
  {
    "model": "attendance.student",
    "pk": 10,
    "fields": {
      "student_code": "22532",
      "course": 19,
      "first_name": "Htun Htun",
      "section": 1,
      "gender": "Male",
      "dob": "2003-07-25",
      "contact": "0974573927",
      "date_added": "2025-08-06T05:35:32.589Z",
      "date_updated": "2025-08-10T06:39:34.355Z"
    }
  },
  {
    "model": "attendance.student",
    "pk": 11,
    "fields": {
      "student_code": "22453",
      "course": 19,
      "first_name": "Kagura",
      "section": 1,
      "gender": "Female",
      "dob": "2004-05-13",
      "contact": "0974754729",
      "date_added": "2025-08-06T05:36:11.373Z",
      "date_updated": "2025-08-10T06:39:41.606Z"
    }
  },
  {
    "model": "attendance.student",
    "pk": 12,
    "fields": {
      "student_code": "22212",
      "course": 20,
      "first_name": "Gusion",
      "section": 5,
      "gender": "Male",
      "dob": "2004-02-03",
      "contact": "0988489384",
      "date_added": "2025-08-06T06:05:00.666Z",
      "date_updated": "2025-08-10T06:39:49.499Z"
    }
  },
  {
    "model": "attendance.student",
    "pk": 13,
    "fields": {
      "student_code": "22213",
      "course": 20,
      "first_name": "Lesley",
      "section": 2,
      "gender": "Female",
      "dob": "2004-12-04",
      "contact": "09475489345",
      "date_added": "2025-08-06T06:06:06.965Z",
      "date_updated": "2025-08-10T06:39:57.286Z"
    }
  },
  {
    "model": "attendance.student",
    "pk": 14,
    "fields": {
      "student_code": "22214",
      "course": 20,
      "first_name": "Nana",
      "section": 4,
      "gender": "Female",
      "dob": "2005-04-15",
      "contact": "0937498759",
      "date_added": "2025-08-06T06:07:03.892Z",
      "date_updated": "2025-08-10T06:40:05.423Z"
    }
  },
  {
    "model": "attendance.class",
    "pk": 11,
    "fields": {
      "assigned_faculty": 18,
      "course": 19,
      "section": 1,
      "school_year": "2025-2026",
      "level": "Sem-7",
      "name": "Python"
    }
  },
  {
    "model": "attendance.class",
    "pk": 12,
    "fields": {
      "assigned_faculty": 19,
      "course": 19,
      "section": 1,
      "school_year": "2025-2026",
      "level": "Sem-7",
      "name": "BIS"
    }
  },
  {
    "model": "attendance.class",
    "pk": 13,
    "fields": {
      "assigned_faculty": 17,
      "course": 19,
      "section": 1,
      "school_year": "2025-2026",
      "level": "Sem-7",
      "name": "Math"
    }
  },
  {
    "model": "attendance.class",
    "pk": 14,
    "fields": {
      "assigned_faculty": 20,
      "course": 19,
      "section": 1,
      "school_year": "2025-2026",
      "level": "Sem-7",
      "name": "AI"
    }
  },
  {
    "model": "attendance.class",
    "pk": 15,
    "fields": {
      "assigned_faculty": 21,
      "course": 19,
      "section": 1,
      "school_year": "2025-2026",
      "level": "Sem-7",
      "name": "E-commerce"
    }
  },
  {
    "model": "attendance.class",
    "pk": 16,
    "fields": {
      "assigned_faculty": 22,
      "course": 19,
      "section": 1,
      "school_year": "2025-2026",
      "level": "Sem-7",
      "name": "Data Mining"
    }
  },
  {
    "model": "attendance.class",
    "pk": 17,
    "fields": {
      "assigned_faculty": 23,
      "course": 20,
      "section": 2,
      "school_year": "2025-2026",
      "level": "Sem-7",
      "name": "SE testing"
    }
  },
  {
    "model": "attendance.class",
    "pk": 18,
    "fields": {
      "assigned_faculty": 23,
      "course": 21,
      "section": 10,
      "school_year": "2025-2026",
      "level": "Sem-7",
      "name": "AI advance"
    }
  },
  {
    "model": "attendance.class",
    "pk": 19,
    "fields": {
      "assigned_faculty": 17,
      "course": 20,
      "section": 4,
      "school_year": "2025-2026",
      "level": "Sem-7",
      "name": "testing"
    }
  },
  {
    "model": "attendance.class",
    "pk": 20,
    "fields": {
      "assigned_faculty": 25,
      "course": 20,
      "section": 2,
      "school_year": "2025-2026",
      "level": "Sem-7",
      "name": "Software Testing"
    }
  },
  {
    "model": "attendance.class",
    "pk": 21,
    "fields": {
      "assigned_faculty": 25,
      "course": 20,
      "section": 5,
      "school_year": "2025-2026",
      "level": "Sem-7",
      "name": "Software Testing"
    }
  },
  {
    "model": "attendance.class",
    "pk": 22,
    "fields": {
      "assigned_faculty": 25,
      "course": 26,
      "section": 11,
      "school_year": "2025-2026",
      "level": "Sem-7",
      "name": "Network Testing"
    }
  },
  {
    "model": "attendance.classstudent",
    "pk": 1,
    "fields": {
      "classIns": 16,
      "student": 7
    }
  },
  {
    "model": "attendance.sectionschedule",
    "pk": 1,
    "fields": {
      "section": null,
      "monday_hours": 0,
      "tuesday_hours": 0,
      "wednesday_hours": 0,
      "thursday_hours": 0,
      "friday_hours": 0,
      "created_at": "2025-08-13T02:22:06.799Z"
    }
  },
  {
    "model": "attendance.sectionschedule",
    "pk": 2,
    "fields": {
      "section": null,
      "monday_hours": 3,
      "tuesday_hours": 2,
      "wednesday_hours": 2,
      "thursday_hours": 0,
      "friday_hours": 1,
      "created_at": "2025-08-13T02:24:14.444Z"
    }
  },
  {
    "model": "attendance.sectionschedule",
    "pk": 3,
    "fields": {
      "section": 1,
      "monday_hours": 4,
      "tuesday_hours": 5,
      "wednesday_hours": 4,
      "thursday_hours": 3,
      "friday_hours": 6,
      "created_at": "2025-08-13T14:58:47.126Z"
    }
  },
  {
    "model": "attendance.sectionschedule",
    "pk": 4,
    "fields": {
      "section": 2,
      "monday_hours": 5,
      "tuesday_hours": 5,
      "wednesday_hours": 4,
      "thursday_hours": 6,
      "friday_hours": 6,
      "created_at": "2025-08-13T15:39:43.510Z"
    }
  },
  {
    "model": "attendance.sectionschedule",
    "pk": 5,
    "fields": {
      "section": 4,
      "monday_hours": 4,
      "tuesday_hours": 5,
      "wednesday_hours": 5,
      "thursday_hours": 6,
      "friday_hours": 4,
      "created_at": "2025-08-14T06:27:36.103Z"
    }
  },
  {
    "model": "attendance.sectionschedule",
    "pk": 6,
    "fields": {
      "section": 5,
      "monday_hours": 0,
      "tuesday_hours": 0,
      "wednesday_hours": 0,
      "thursday_hours": 0,
      "friday_hours": 0,
      "created_at": "2025-08-14T06:28:06.186Z"
    }
  },
  {
    "model": "attendance.sectionschedule",
    "pk": 7,
    "fields": {
      "section": 7,
      "monday_hours": 0,
      "tuesday_hours": 0,
      "wednesday_hours": 0,
      "thursday_hours": 0,
      "friday_hours": 0,
      "created_at": "2025-08-14T06:28:09.366Z"
    }
  },
  {
    "model": "attendance.sectionschedule",
    "pk": 8,
    "fields": {
      "section": 10,
      "monday_hours": 0,
      "tuesday_hours": 0,
      "wednesday_hours": 0,
      "thursday_hours": 0,
      "friday_hours": 0,
      "created_at": "2025-08-14T06:28:12.280Z"
    }
  },
  {
    "model": "attendance.sectionschedule",
    "pk": 9,
    "fields": {
      "section": 12,
      "monday_hours": 0,
      "tuesday_hours": 0,
      "wednesday_hours": 0,
      "thursday_hours": 0,
      "friday_hours": 0,
      "created_at": "2025-08-14T06:28:15.951Z"
    }
  },
  {
    "model": "attendance.sectionschedule",
    "pk": 10,
    "fields": {
      "section": 6,
      "monday_hours": 0,
      "tuesday_hours": 0,
      "wednesday_hours": 0,
      "thursday_hours": 0,
      "friday_hours": 0,
      "created_at": "2025-08-15T04:18:33.957Z"
    }
  },
  {
    "model": "attendance.sectiondailyattendance",
    "pk": 1,
    "fields": {
      "student": 3,
      "section": 1,
      "date": "2025-08-13",
      "attended_hours": "4.00"
    }
  },
  {
    "model": "attendance.sectiondailyattendance",
    "pk": 2,
    "fields": {
      "student": 7,
      "section": 1,
      "date": "2025-08-13",
      "attended_hours": "4.00"
    }
  },
  {
    "model": "attendance.sectiondailyattendance",
    "pk": 3,
    "fields": {
      "student": 8,
      "section": 1,
      "date": "2025-08-13",
      "attended_hours": "3.00"
    }
  },
  {
    "model": "attendance.sectiondailyattendance",
    "pk": 4,
    "fields": {
      "student": 9,
      "section": 1,
      "date": "2025-08-13",
      "attended_hours": "3.00"
    }
  },
  {
    "model": "attendance.sectiondailyattendance",
    "pk": 5,
    "fields": {
      "student": 10,
      "section": 1,
      "date": "2025-08-13",
      "attended_hours": "2.00"
    }
  },
  {
    "model": "attendance.sectiondailyattendance",
    "pk": 6,
    "fields": {
      "student": 11,
      "section": 1,
      "date": "2025-08-13",
      "attended_hours": "4.00"
    }
  },
  {
    "model": "attendance.sectiondailyattendance",
    "pk": 7,
    "fields": {
      "student": 3,
      "section": 1,
      "date": "2025-08-01",
      "attended_hours": "6.00"
    }
  },
  {
    "model": "attendance.sectiondailyattendance",
    "pk": 8,
    "fields": {
      "student": 7,
      "section": 1,
      "date": "2025-08-01",
      "attended_hours": "5.00"
    }
  },
  {
    "model": "attendance.sectiondailyattendance",
    "pk": 9,
    "fields": {
      "student": 8,
      "section": 1,
      "date": "2025-08-01",
      "attended_hours": "4.00"
    }
  },
  {
    "model": "attendance.sectiondailyattendance",
    "pk": 10,
    "fields": {
      "student": 9,
      "section": 1,
      "date": "2025-08-01",
      "attended_hours": "4.00"
    }
  },
  {
    "model": "attendance.sectiondailyattendance",
    "pk": 11,
    "fields": {
      "student": 10,
      "section": 1,
      "date": "2025-08-01",
      "attended_hours": "3.00"
    }
  },
  {
    "model": "attendance.sectiondailyattendance",
    "pk": 12,
    "fields": {
      "student": 11,
      "section": 1,
      "date": "2025-08-01",
      "attended_hours": "6.00"
    }
  },
  {
    "model": "attendance.sectiondailyattendance",
    "pk": 13,
    "fields": {
      "student": 3,
      "section": 1,
      "date": "2025-08-04",
      "attended_hours": "4.00"
    }
  },
  {
    "model": "attendance.sectiondailyattendance",
    "pk": 14,
    "fields": {
      "student": 7,
      "section": 1,
      "date": "2025-08-04",
      "attended_hours": "3.00"
    }
  },
  {
    "model": "attendance.sectiondailyattendance",
    "pk": 15,
    "fields": {
      "student": 8,
      "section": 1,
      "date": "2025-08-04",
      "attended_hours": "3.00"
    }
  },
  {
    "model": "attendance.sectiondailyattendance",
    "pk": 16,
    "fields": {
      "student": 9,
      "section": 1,
      "date": "2025-08-04",
      "attended_hours": "1.00"
    }
  },
  {
    "model": "attendance.sectiondailyattendance",
    "pk": 17,
    "fields": {
      "student": 10,
      "section": 1,
      "date": "2025-08-04",
      "attended_hours": "3.00"
    }
  },
  {
    "model": "attendance.sectiondailyattendance",
    "pk": 18,
    "fields": {
      "student": 11,
      "section": 1,
      "date": "2025-08-04",
      "attended_hours": "3.00"
    }
  },
  {
    "model": "attendance.sectiondailyattendance",
    "pk": 19,
    "fields": {
      "student": 3,
      "section": 1,
      "date": "2025-08-05",
      "attended_hours": "5.00"
    }
  },
  {
    "model": "attendance.sectiondailyattendance",
    "pk": 20,
    "fields": {
      "student": 7,
      "section": 1,
      "date": "2025-08-05",
      "attended_hours": "3.00"
    }
  },
  {
    "model": "attendance.sectiondailyattendance",
    "pk": 21,
    "fields": {
      "student": 8,
      "section": 1,
      "date": "2025-08-05",
      "attended_hours": "5.00"
    }
  },
  {
    "model": "attendance.sectiondailyattendance",
    "pk": 22,
    "fields": {
      "student": 9,
      "section": 1,
      "date": "2025-08-05",
      "attended_hours": "2.00"
    }
  },
  {
    "model": "attendance.sectiondailyattendance",
    "pk": 23,
    "fields": {
      "student": 10,
      "section": 1,
      "date": "2025-08-05",
      "attended_hours": "5.00"
    }
  },
  {
    "model": "attendance.sectiondailyattendance",
    "pk": 24,
    "fields": {
      "student": 11,
      "section": 1,
      "date": "2025-08-05",
      "attended_hours": "3.00"
    }
  },
  {
    "model": "attendance.sectiondailyattendance",
    "pk": 25,
    "fields": {
      "student": 3,
      "section": 1,
      "date": "2025-08-06",
      "attended_hours": "3.00"
    }
  },
  {
    "model": "attendance.sectiondailyattendance",
    "pk": 26,
    "fields": {
      "student": 7,
      "section": 1,
      "date": "2025-08-06",
      "attended_hours": "4.00"
    }
  },
  {
    "model": "attendance.sectiondailyattendance",
    "pk": 27,
    "fields": {
      "student": 8,
      "section": 1,
      "date": "2025-08-06",
      "attended_hours": "2.00"
    }
  },
  {
    "model": "attendance.sectiondailyattendance",
    "pk": 28,
    "fields": {
      "student": 9,
      "section": 1,
      "date": "2025-08-06",
      "attended_hours": "1.00"
    }
  },
  {
    "model": "attendance.sectiondailyattendance",
    "pk": 29,
    "fields": {
      "student": 10,
      "section": 1,
      "date": "2025-08-06",
      "attended_hours": "0.00"
    }
  },
  {
    "model": "attendance.sectiondailyattendance",
    "pk": 30,
    "fields": {
      "student": 11,
      "section": 1,
      "date": "2025-08-06",
      "attended_hours": "4.00"
    }
  },
  {
    "model": "attendance.sectiondailyattendance",
    "pk": 31,
    "fields": {
      "student": 3,
      "section": 1,
      "date": "2025-08-07",
      "attended_hours": "3.00"
    }
  },
  {
    "model": "attendance.sectiondailyattendance",
    "pk": 32,
    "fields": {
      "student": 7,
      "section": 1,
      "date": "2025-08-07",
      "attended_hours": "2.00"
    }
  },
  {
    "model": "attendance.sectiondailyattendance",
    "pk": 33,
    "fields": {
      "student": 8,
      "section": 1,
      "date": "2025-08-07",
      "attended_hours": "1.00"
    }
  },
  {
    "model": "attendance.sectiondailyattendance",
    "pk": 34,
    "fields": {
      "student": 9,
      "section": 1,
      "date": "2025-08-07",
      "attended_hours": "0.00"
    }
  },
  {
    "model": "attendance.sectiondailyattendance",
    "pk": 35,
    "fields": {
      "student": 10,
      "section": 1,
      "date": "2025-08-07",
      "attended_hours": "0.00"
    }
  },
  {
    "model": "attendance.sectiondailyattendance",
    "pk": 36,
    "fields": {
      "student": 11,
      "section": 1,
      "date": "2025-08-07",
      "attended_hours": "0.00"
    }
  },
  {
    "model": "attendance.sectiondailyattendance",
    "pk": 37,
    "fields": {
      "student": 3,
      "section": 1,
      "date": "2025-08-08",
      "attended_hours": "6.00"
    }
  },
  {
    "model": "attendance.sectiondailyattendance",
    "pk": 38,
    "fields": {
      "student": 7,
      "section": 1,
      "date": "2025-08-08",
      "attended_hours": "4.00"
    }
  },
  {
    "model": "attendance.sectiondailyattendance",
    "pk": 39,
    "fields": {
      "student": 8,
      "section": 1,
      "date": "2025-08-08",
      "attended_hours": "5.00"
    }
  },
  {
    "model": "attendance.sectiondailyattendance",
    "pk": 40,
    "fields": {
      "student": 9,
      "section": 1,
      "date": "2025-08-08",
      "attended_hours": "6.00"
    }
  },
  {
    "model": "attendance.sectiondailyattendance",
    "pk": 41,
    "fields": {
      "student": 10,
      "section": 1,
      "date": "2025-08-08",
      "attended_hours": "6.00"
    }
  },
  {
    "model": "attendance.sectiondailyattendance",
    "pk": 42,
    "fields": {
      "student": 11,
      "section": 1,
      "date": "2025-08-08",
      "attended_hours": "6.00"
    }
  },
  {
    "model": "attendance.sectiondailyattendance",
    "pk": 43,
    "fields": {
      "student": 3,
      "section": 1,
      "date": "2025-08-11",
      "attended_hours": "4.00"
    }
  },
  {
    "model": "attendance.sectiondailyattendance",
    "pk": 44,
    "fields": {
      "student": 7,
      "section": 1,
      "date": "2025-08-11",
      "attended_hours": "4.00"
    }
  },
  {
    "model": "attendance.sectiondailyattendance",
    "pk": 45,
    "fields": {
      "student": 8,
      "section": 1,
      "date": "2025-08-11",
      "attended_hours": "3.00"
    }
  },
  {
    "model": "attendance.sectiondailyattendance",
    "pk": 46,
    "fields": {
      "student": 9,
      "section": 1,
      "date": "2025-08-11",
      "attended_hours": "3.00"
    }
  },
  {
    "model": "attendance.sectiondailyattendance",
    "pk": 47,
    "fields": {
      "student": 10,
      "section": 1,
      "date": "2025-08-11",
      "attended_hours": "4.00"
    }
  },
  {
    "model": "attendance.sectiondailyattendance",
    "pk": 48,
    "fields": {
      "student": 11,
      "section": 1,
      "date": "2025-08-11",
      "attended_hours": "4.00"
    }
  },
  {
    "model": "attendance.sectiondailyattendance",
    "pk": 49,
    "fields": {
      "student": 3,
      "section": 1,
      "date": "2025-08-12",
      "attended_hours": "3.00"
    }
  },
  {
    "model": "attendance.sectiondailyattendance",
    "pk": 50,
    "fields": {
      "student": 7,
      "section": 1,
      "date": "2025-08-12",
      "attended_hours": "4.00"
    }
  },
  {
    "model": "attendance.sectiondailyattendance",
    "pk": 51,
    "fields": {
      "student": 8,
      "section": 1,
      "date": "2025-08-12",
      "attended_hours": "5.00"
    }
  },
  {
    "model": "attendance.sectiondailyattendance",
    "pk": 52,
    "fields": {
      "student": 9,
      "section": 1,
      "date": "2025-08-12",
      "attended_hours": "4.00"
    }
  },
  {
    "model": "attendance.sectiondailyattendance",
    "pk": 53,
    "fields": {
      "student": 10,
      "section": 1,
      "date": "2025-08-12",
      "attended_hours": "5.00"
    }
  },
  {
    "model": "attendance.sectiondailyattendance",
    "pk": 54,
    "fields": {
      "student": 11,
      "section": 1,
      "date": "2025-08-12",
      "attended_hours": "5.00"
    }
  },
  {
    "model": "attendance.sectiondailyattendance",
    "pk": 55,
    "fields": {
      "student": 3,
      "section": 1,
      "date": "2025-08-14",
      "attended_hours": "2.00"
    }
  },
  {
    "model": "attendance.sectiondailyattendance",
    "pk": 56,
    "fields": {
      "student": 7,
      "section": 1,
      "date": "2025-08-14",
      "attended_hours": "3.00"
    }
  },
  {
    "model": "attendance.sectiondailyattendance",
    "pk": 57,
    "fields": {
      "student": 8,
      "section": 1,
      "date": "2025-08-14",
      "attended_hours": "3.00"
    }
  },
  {
    "model": "attendance.sectiondailyattendance",
    "pk": 58,
    "fields": {
      "student": 9,
      "section": 1,
      "date": "2025-08-14",
      "attended_hours": "3.00"
    }
  },
  {
    "model": "attendance.sectiondailyattendance",
    "pk": 59,
    "fields": {
      "student": 10,
      "section": 1,
      "date": "2025-08-14",
      "attended_hours": "3.00"
    }
  },
  {
    "model": "attendance.sectiondailyattendance",
    "pk": 60,
    "fields": {
      "student": 11,
      "section": 1,
      "date": "2025-08-14",
      "attended_hours": "1.00"
    }
  },
  {
    "model": "attendance.sectiondailyattendance",
    "pk": 61,
    "fields": {
      "student": 3,
      "section": 1,
      "date": "2025-08-15",
      "attended_hours": "5.00"
    }
  },
  {
    "model": "attendance.sectiondailyattendance",
    "pk": 62,
    "fields": {
      "student": 7,
      "section": 1,
      "date": "2025-08-15",
      "attended_hours": "6.00"
    }
  },
  {
    "model": "attendance.sectiondailyattendance",
    "pk": 63,
    "fields": {
      "student": 8,
      "section": 1,
      "date": "2025-08-15",
      "attended_hours": "6.00"
    }
  },
  {
    "model": "attendance.sectiondailyattendance",
    "pk": 64,
    "fields": {
      "student": 9,
      "section": 1,
      "date": "2025-08-15",
      "attended_hours": "3.00"
    }
  },
  {
    "model": "attendance.sectiondailyattendance",
    "pk": 65,
    "fields": {
      "student": 10,
      "section": 1,
      "date": "2025-08-15",
      "attended_hours": "4.00"
    }
  },
  {
    "model": "attendance.sectiondailyattendance",
    "pk": 66,
    "fields": {
      "student": 11,
      "section": 1,
      "date": "2025-08-15",
      "attended_hours": "4.00"
    }
  },
  {
    "model": "attendance.sectiondailyattendance",
    "pk": 67,
    "fields": {
      "student": 3,
      "section": 1,
      "date": "2025-08-18",
      "attended_hours": "4.00"
    }
  },
  {
    "model": "attendance.sectiondailyattendance",
    "pk": 68,
    "fields": {
      "student": 7,
      "section": 1,
      "date": "2025-08-18",
      "attended_hours": "2.00"
    }
  },
  {
    "model": "attendance.sectiondailyattendance",
    "pk": 69,
    "fields": {
      "student": 8,
      "section": 1,
      "date": "2025-08-18",
      "attended_hours": "3.00"
    }
  },
  {
    "model": "attendance.sectiondailyattendance",
    "pk": 70,
    "fields": {
      "student": 9,
      "section": 1,
      "date": "2025-08-18",
      "attended_hours": "3.00"
    }
  },
  {
    "model": "attendance.sectiondailyattendance",
    "pk": 71,
    "fields": {
      "student": 10,
      "section": 1,
      "date": "2025-08-18",
      "attended_hours": "2.00"
    }
  },
  {
    "model": "attendance.sectiondailyattendance",
    "pk": 72,
    "fields": {
      "student": 11,
      "section": 1,
      "date": "2025-08-18",
      "attended_hours": "2.00"
    }
  },
  {
    "model": "attendance.sectiondailyattendance",
    "pk": 73,
    "fields": {
      "student": 3,
      "section": 1,
      "date": "2025-08-19",
      "attended_hours": "5.00"
    }
  },
  {
    "model": "attendance.sectiondailyattendance",
    "pk": 74,
    "fields": {
      "student": 7,
      "section": 1,
      "date": "2025-08-19",
      "attended_hours": "5.00"
    }
  },
  {
    "model": "attendance.sectiondailyattendance",
    "pk": 75,
    "fields": {
      "student": 8,
      "section": 1,
      "date": "2025-08-19",
      "attended_hours": "4.00"
    }
  },
  {
    "model": "attendance.sectiondailyattendance",
    "pk": 76,
    "fields": {
      "student": 9,
      "section": 1,
      "date": "2025-08-19",
      "attended_hours": "4.00"
    }
  },
  {
    "model": "attendance.sectiondailyattendance",
    "pk": 77,
    "fields": {
      "student": 10,
      "section": 1,
      "date": "2025-08-19",
      "attended_hours": "4.00"
    }
  },
  {
    "model": "attendance.sectiondailyattendance",
    "pk": 78,
    "fields": {
      "student": 11,
      "section": 1,
      "date": "2025-08-19",
      "attended_hours": "4.00"
    }
  },
  {
    "model": "attendance.sectiondailyattendance",
    "pk": 79,
    "fields": {
      "student": 3,
      "section": 1,
      "date": "2025-08-20",
      "attended_hours": "4.00"
    }
  },
  {
    "model": "attendance.sectiondailyattendance",
    "pk": 80,
    "fields": {
      "student": 7,
      "section": 1,
      "date": "2025-08-20",
      "attended_hours": "4.00"
    }
  },
  {
    "model": "attendance.sectiondailyattendance",
    "pk": 81,
    "fields": {
      "student": 8,
      "section": 1,
      "date": "2025-08-20",
      "attended_hours": "2.00"
    }
  },
  {
    "model": "attendance.sectiondailyattendance",
    "pk": 82,
    "fields": {
      "student": 9,
      "section": 1,
      "date": "2025-08-20",
      "attended_hours": "3.00"
    }
  },
  {
    "model": "attendance.sectiondailyattendance",
    "pk": 83,
    "fields": {
      "student": 10,
      "section": 1,
      "date": "2025-08-20",
      "attended_hours": "3.00"
    }
  },
  {
    "model": "attendance.sectiondailyattendance",
    "pk": 84,
    "fields": {
      "student": 11,
      "section": 1,
      "date": "2025-08-20",
      "attended_hours": "2.00"
    }
  },
  {
    "model": "attendance.sectiondailyattendance",
    "pk": 85,
    "fields": {
      "student": 3,
      "section": 1,
      "date": "2025-08-21",
      "attended_hours": "2.00"
    }
  },
  {
    "model": "attendance.sectiondailyattendance",
    "pk": 86,
    "fields": {
      "student": 7,
      "section": 1,
      "date": "2025-08-21",
      "attended_hours": "3.00"
    }
  },
  {
    "model": "attendance.sectiondailyattendance",
    "pk": 87,
    "fields": {
      "student": 8,
      "section": 1,
      "date": "2025-08-21",
      "attended_hours": "3.00"
    }
  },
  {
    "model": "attendance.sectiondailyattendance",
    "pk": 88,
    "fields": {
      "student": 9,
      "section": 1,
      "date": "2025-08-21",
      "attended_hours": "1.00"
    }
  },
  {
    "model": "attendance.sectiondailyattendance",
    "pk": 89,
    "fields": {
      "student": 10,
      "section": 1,
      "date": "2025-08-21",
      "attended_hours": "1.00"
    }
  },
  {
    "model": "attendance.sectiondailyattendance",
    "pk": 90,
    "fields": {
      "student": 11,
      "section": 1,
      "date": "2025-08-21",
      "attended_hours": "3.00"
    }
  },
  {
    "model": "attendance.sectiondailyattendance",
    "pk": 91,
    "fields": {
      "student": 3,
      "section": 1,
      "date": "2025-08-22",
      "attended_hours": "4.00"
    }
  },
  {
    "model": "attendance.sectiondailyattendance",
    "pk": 92,
    "fields": {
      "student": 7,
      "section": 1,
      "date": "2025-08-22",
      "attended_hours": "6.00"
    }
  },
  {
    "model": "attendance.sectiondailyattendance",
    "pk": 93,
    "fields": {
      "student": 8,
      "section": 1,
      "date": "2025-08-22",
      "attended_hours": "3.00"
    }
  },
  {
    "model": "attendance.sectiondailyattendance",
    "pk": 94,
    "fields": {
      "student": 9,
      "section": 1,
      "date": "2025-08-22",
      "attended_hours": "2.00"
    }
  },
  {
    "model": "attendance.sectiondailyattendance",
    "pk": 95,
    "fields": {
      "student": 10,
      "section": 1,
      "date": "2025-08-22",
      "attended_hours": "2.00"
    }
  },
  {
    "model": "attendance.sectiondailyattendance",
    "pk": 96,
    "fields": {
      "student": 11,
      "section": 1,
      "date": "2025-08-22",
      "attended_hours": "3.00"
    }
  },
  {
    "model": "attendance.sectiondailyattendance",
    "pk": 97,
    "fields": {
      "student": 3,
      "section": 1,
      "date": "2025-08-25",
      "attended_hours": "4.00"
    }
  },
  {
    "model": "attendance.sectiondailyattendance",
    "pk": 98,
    "fields": {
      "student": 7,
      "section": 1,
      "date": "2025-08-25",
      "attended_hours": "3.00"
    }
  },
  {
    "model": "attendance.sectiondailyattendance",
    "pk": 99,
    "fields": {
      "student": 8,
      "section": 1,
      "date": "2025-08-25",
      "attended_hours": "3.00"
    }
  },
  {
    "model": "attendance.sectiondailyattendance",
    "pk": 100,
    "fields": {
      "student": 9,
      "section": 1,
      "date": "2025-08-25",
      "attended_hours": "3.00"
    }
  },
  {
    "model": "attendance.sectiondailyattendance",
    "pk": 101,
    "fields": {
      "student": 10,
      "section": 1,
      "date": "2025-08-25",
      "attended_hours": "3.00"
    }
  },
  {
    "model": "attendance.sectiondailyattendance",
    "pk": 102,
    "fields": {
      "student": 11,
      "section": 1,
      "date": "2025-08-25",
      "attended_hours": "3.00"
    }
  },
  {
    "model": "attendance.sectiondailyattendance",
    "pk": 103,
    "fields": {
      "student": 3,
      "section": 1,
      "date": "2025-08-26",
      "attended_hours": "4.00"
    }
  },
  {
    "model": "attendance.sectiondailyattendance",
    "pk": 104,
    "fields": {
      "student": 7,
      "section": 1,
      "date": "2025-08-26",
      "attended_hours": "4.00"
    }
  },
  {
    "model": "attendance.sectiondailyattendance",
    "pk": 105,
    "fields": {
      "student": 8,
      "section": 1,
      "date": "2025-08-26",
      "attended_hours": "2.00"
    }
  },
  {
    "model": "attendance.sectiondailyattendance",
    "pk": 106,
    "fields": {
      "student": 9,
      "section": 1,
      "date": "2025-08-26",
      "attended_hours": "5.00"
    }
  },
  {
    "model": "attendance.sectiondailyattendance",
    "pk": 107,
    "fields": {
      "student": 10,
      "section": 1,
      "date": "2025-08-26",
      "attended_hours": "5.00"
    }
  },
  {
    "model": "attendance.sectiondailyattendance",
    "pk": 108,
    "fields": {
      "student": 11,
      "section": 1,
      "date": "2025-08-26",
      "attended_hours": "5.00"
    }
  },
  {
    "model": "attendance.sectiondailyattendance",
    "pk": 109,
    "fields": {
      "student": 3,
      "section": 1,
      "date": "2025-08-27",
      "attended_hours": "2.00"
    }
  },
  {
    "model": "attendance.sectiondailyattendance",
    "pk": 110,
    "fields": {
      "student": 7,
      "section": 1,
      "date": "2025-08-27",
      "attended_hours": "1.00"
    }
  },
  {
    "model": "attendance.sectiondailyattendance",
    "pk": 111,
    "fields": {
      "student": 8,
      "section": 1,
      "date": "2025-08-27",
      "attended_hours": "0.00"
    }
  },
  {
    "model": "attendance.sectiondailyattendance",
    "pk": 112,
    "fields": {
      "student": 9,
      "section": 1,
      "date": "2025-08-27",
      "attended_hours": "3.00"
    }
  },
  {
    "model": "attendance.sectiondailyattendance",
    "pk": 113,
    "fields": {
      "student": 10,
      "section": 1,
      "date": "2025-08-27",
      "attended_hours": "3.00"
    }
  },
  {
    "model": "attendance.sectiondailyattendance",
    "pk": 114,
    "fields": {
      "student": 11,
      "section": 1,
      "date": "2025-08-27",
      "attended_hours": "3.00"
    }
  },
  {
    "model": "attendance.sectiondailyattendance",
    "pk": 115,
    "fields": {
      "student": 3,
      "section": 1,
      "date": "2025-08-28",
      "attended_hours": "3.00"
    }
  },
  {
    "model": "attendance.sectiondailyattendance",
    "pk": 116,
    "fields": {
      "student": 7,
      "section": 1,
      "date": "2025-08-28",
      "attended_hours": "3.00"
    }
  },
  {
    "model": "attendance.sectiondailyattendance",
    "pk": 117,
    "fields": {
      "student": 8,
      "section": 1,
      "date": "2025-08-28",
      "attended_hours": "3.00"
    }
  },
  {
    "model": "attendance.sectiondailyattendance",
    "pk": 118,
    "fields": {
      "student": 9,
      "section": 1,
      "date": "2025-08-28",
      "attended_hours": "0.00"
    }
  },
  {
    "model": "attendance.sectiondailyattendance",
    "pk": 119,
    "fields": {
      "student": 10,
      "section": 1,
      "date": "2025-08-28",
      "attended_hours": "2.00"
    }
  },
  {
    "model": "attendance.sectiondailyattendance",
    "pk": 120,
    "fields": {
      "student": 11,
      "section": 1,
      "date": "2025-08-28",
      "attended_hours": "3.00"
    }
  },
  {
    "model": "attendance.sectiondailyattendance",
    "pk": 121,
    "fields": {
      "student": 3,
      "section": 1,
      "date": "2025-08-29",
      "attended_hours": "4.00"
    }
  },
  {
    "model": "attendance.sectiondailyattendance",
    "pk": 122,
    "fields": {
      "student": 7,
      "section": 1,
      "date": "2025-08-29",
      "attended_hours": "4.00"
    }
  },
  {
    "model": "attendance.sectiondailyattendance",
    "pk": 123,
    "fields": {
      "student": 8,
      "section": 1,
      "date": "2025-08-29",
      "attended_hours": "6.00"
    }
  },
  {
    "model": "attendance.sectiondailyattendance",
    "pk": 124,
    "fields": {
      "student": 9,
      "section": 1,
      "date": "2025-08-29",
      "attended_hours": "6.00"
    }
  },
  {
    "model": "attendance.sectiondailyattendance",
    "pk": 125,
    "fields": {
      "student": 10,
      "section": 1,
      "date": "2025-08-29",
      "attended_hours": "5.00"
    }
  },
  {
    "model": "attendance.sectiondailyattendance",
    "pk": 126,
    "fields": {
      "student": 11,
      "section": 1,
      "date": "2025-08-29",
      "attended_hours": "5.00"
    }
  },
  {
    "model": "attendance.sectiondailyattendance",
    "pk": 127,
    "fields": {
      "student": 13,
      "section": 2,
      "date": "2025-06-02",
      "attended_hours": "4.00"
    }
  },
  {
    "model": "attendance.sectiondailyattendance",
    "pk": 128,
    "fields": {
      "student": 13,
      "section": 2,
      "date": "2025-06-03",
      "attended_hours": "3.00"
    }
  },
  {
    "model": "attendance.sectiondailyattendance",
    "pk": 129,
    "fields": {
      "student": 13,
      "section": 2,
      "date": "2025-06-04",
      "attended_hours": "4.00"
    }
  },
  {
    "model": "attendance.sectiondailyattendance",
    "pk": 130,
    "fields": {
      "student": 13,
      "section": 2,
      "date": "2025-06-05",
      "attended_hours": "4.00"
    }
  },
  {
    "model": "attendance.sectiondailyattendance",
    "pk": 131,
    "fields": {
      "student": 13,
      "section": 2,
      "date": "2025-06-06",
      "attended_hours": "6.00"
    }
  },
  {
    "model": "attendance.sectiondailyattendance",
    "pk": 132,
    "fields": {
      "student": 13,
      "section": 2,
      "date": "2025-06-09",
      "attended_hours": "0.00"
    }
  },
  {
    "model": "attendance.sectiondailyattendance",
    "pk": 133,
    "fields": {
      "student": 13,
      "section": 2,
      "date": "2025-06-10",
      "attended_hours": "5.00"
    }
  },
  {
    "model": "attendance.sectiondailyattendance",
    "pk": 134,
    "fields": {
      "student": 13,
      "section": 2,
      "date": "2025-06-11",
      "attended_hours": "3.00"
    }
  },
  {
    "model": "attendance.sectiondailyattendance",
    "pk": 135,
    "fields": {
      "student": 13,
      "section": 2,
      "date": "2025-06-12",
      "attended_hours": "6.00"
    }
  },
  {
    "model": "attendance.sectiondailyattendance",
    "pk": 136,
    "fields": {
      "student": 13,
      "section": 2,
      "date": "2025-06-13",
      "attended_hours": "3.00"
    }
  },
  {
    "model": "attendance.sectiondailyattendance",
    "pk": 137,
    "fields": {
      "student": 13,
      "section": 2,
      "date": "2025-06-16",
      "attended_hours": "4.00"
    }
  },
  {
    "model": "attendance.sectiondailyattendance",
    "pk": 138,
    "fields": {
      "student": 13,
      "section": 2,
      "date": "2025-06-17",
      "attended_hours": "4.00"
    }
  },
  {
    "model": "attendance.sectiondailyattendance",
    "pk": 139,
    "fields": {
      "student": 13,
      "section": 2,
      "date": "2025-06-18",
      "attended_hours": "4.00"
    }
  },
  {
    "model": "attendance.sectiondailyattendance",
    "pk": 140,
    "fields": {
      "student": 13,
      "section": 2,
      "date": "2025-06-19",
      "attended_hours": "6.00"
    }
  },
  {
    "model": "attendance.sectiondailyattendance",
    "pk": 141,
    "fields": {
      "student": 13,
      "section": 2,
      "date": "2025-06-20",
      "attended_hours": "5.00"
    }
  },
  {
    "model": "attendance.sectiondailyattendance",
    "pk": 142,
    "fields": {
      "student": 13,
      "section": 2,
      "date": "2025-06-23",
      "attended_hours": "3.00"
    }
  },
  {
    "model": "attendance.sectiondailyattendance",
    "pk": 143,
    "fields": {
      "student": 13,
      "section": 2,
      "date": "2025-06-24",
      "attended_hours": "5.00"
    }
  },
  {
    "model": "attendance.sectiondailyattendance",
    "pk": 144,
    "fields": {
      "student": 13,
      "section": 2,
      "date": "2025-06-25",
      "attended_hours": "4.00"
    }
  },
  {
    "model": "attendance.sectiondailyattendance",
    "pk": 145,
    "fields": {
      "student": 13,
      "section": 2,
      "date": "2025-06-26",
      "attended_hours": "0.00"
    }
  },
  {
    "model": "attendance.sectiondailyattendance",
    "pk": 146,
    "fields": {
      "student": 13,
      "section": 2,
      "date": "2025-06-27",
      "attended_hours": "5.00"
    }
  },
  {
    "model": "attendance.sectiondailyattendance",
    "pk": 147,
    "fields": {
      "student": 13,
      "section": 2,
      "date": "2025-06-30",
      "attended_hours": "4.00"
    }
  },
  {
    "model": "attendance.sectiondailyattendance",
    "pk": 148,
    "fields": {
      "student": 3,
      "section": 1,
      "date": "2025-07-17",
      "attended_hours": "3.00"
    }
  },
  {
    "model": "attendance.sectiondailyattendance",
    "pk": 149,
    "fields": {
      "student": 7,
      "section": 1,
      "date": "2025-07-17",
      "attended_hours": "1.00"
    }
  },
  {
    "model": "attendance.sectiondailyattendance",
    "pk": 150,
    "fields": {
      "student": 8,
      "section": 1,
      "date": "2025-07-17",
      "attended_hours": "2.00"
    }
  },
  {
    "model": "attendance.sectiondailyattendance",
    "pk": 151,
    "fields": {
      "student": 9,
      "section": 1,
      "date": "2025-07-17",
      "attended_hours": "2.00"
    }
  },
  {
    "model": "attendance.sectiondailyattendance",
    "pk": 152,
    "fields": {
      "student": 10,
      "section": 1,
      "date": "2025-07-17",
      "attended_hours": "2.00"
    }
  },
  {
    "model": "attendance.sectiondailyattendance",
    "pk": 153,
    "fields": {
      "student": 11,
      "section": 1,
      "date": "2025-07-17",
      "attended_hours": "2.00"
    }
  },
  {
    "model": "attendance.sectiondailyattendance",
    "pk": 154,
    "fields": {
      "student": 13,
      "section": 2,
      "date": "2025-08-19",
      "attended_hours": "4.00"
    }
  },
  {
    "model": "attendance.sectiondailyattendance",
    "pk": 155,
    "fields": {
      "student": 3,
      "section": 1,
      "date": "2025-06-02",
      "attended_hours": "3.00"
    }
  },
  {
    "model": "attendance.sectiondailyattendance",
    "pk": 156,
    "fields": {
      "student": 7,
      "section": 1,
      "date": "2025-06-02",
      "attended_hours": "0.00"
    }
  },
  {
    "model": "attendance.sectiondailyattendance",
    "pk": 157,
    "fields": {
      "student": 8,
      "section": 1,
      "date": "2025-06-02",
      "attended_hours": "0.00"
    }
  },
  {
    "model": "attendance.sectiondailyattendance",
    "pk": 158,
    "fields": {
      "student": 9,
      "section": 1,
      "date": "2025-06-02",
      "attended_hours": "0.00"
    }
  },
  {
    "model": "attendance.sectiondailyattendance",
    "pk": 159,
    "fields": {
      "student": 10,
      "section": 1,
      "date": "2025-06-02",
      "attended_hours": "0.00"
    }
  },
  {
    "model": "attendance.sectiondailyattendance",
    "pk": 160,
    "fields": {
      "student": 11,
      "section": 1,
      "date": "2025-06-02",
      "attended_hours": "0.00"
    }
  },
  {
    "model": "attendance.sectiondailyattendance",
    "pk": 161,
    "fields": {
      "student": 14,
      "section": 4,
      "date": "2025-08-19",
      "attended_hours": "3.00"
    }
  },
  {
    "model": "attendance.sectiondailyattendance",
    "pk": 162,
    "fields": {
      "student": 14,
      "section": 4,
      "date": "2025-08-20",
      "attended_hours": "2.00"
    }
  }
]