[{"model": "admin.logentry", "pk": 1, "fields": {"action_time": "2022-03-11T02:11:59.542Z", "user": 1, "content_type": 9, "object_id": "1", "object_repr": "admin", "action_flag": 2, "change_message": "[{\"changed\": {\"fields\": [\"User type\"]}}]"}}, {"model": "admin.logentry", "pk": 2, "fields": {"action_time": "2022-03-11T02:53:49.183Z", "user": 1, "content_type": 4, "object_id": "2", "object_repr": "cblake", "action_flag": 3, "change_message": ""}}, {"model": "admin.logentry", "pk": 3, "fields": {"action_time": "2022-03-11T03:19:34.322Z", "user": 1, "content_type": 4, "object_id": "5", "object_repr": "cblake", "action_flag": 3, "change_message": ""}}, {"model": "admin.logentry", "pk": 4, "fields": {"action_time": "2022-03-11T03:21:36.965Z", "user": 1, "content_type": 4, "object_id": "6", "object_repr": "cblake", "action_flag": 3, "change_message": ""}}, {"model": "admin.logentry", "pk": 5, "fields": {"action_time": "2022-03-11T03:22:39.749Z", "user": 1, "content_type": 4, "object_id": "7", "object_repr": "cblake", "action_flag": 3, "change_message": ""}}, {"model": "admin.logentry", "pk": 6, "fields": {"action_time": "2022-03-11T03:25:56.658Z", "user": 1, "content_type": 4, "object_id": "8", "object_repr": "cblake", "action_flag": 3, "change_message": ""}}, {"model": "admin.logentry", "pk": 7, "fields": {"action_time": "2022-03-11T03:29:29.798Z", "user": 1, "content_type": 4, "object_id": "10", "object_repr": "cblake", "action_flag": 3, "change_message": ""}}, {"model": "admin.logentry", "pk": 8, "fields": {"action_time": "2022-03-11T03:30:18.365Z", "user": 1, "content_type": 4, "object_id": "11", "object_repr": "cblake", "action_flag": 3, "change_message": ""}}, {"model": "admin.logentry", "pk": 9, "fields": {"action_time": "2022-03-11T03:31:25.216Z", "user": 1, "content_type": 4, "object_id": "12", "object_repr": "cblake", "action_flag": 3, "change_message": ""}}, {"model": "admin.logentry", "pk": 10, "fields": {"action_time": "2022-03-11T03:31:50.593Z", "user": 1, "content_type": 4, "object_id": "13", "object_repr": "cblake", "action_flag": 3, "change_message": ""}}, {"model": "admin.logentry", "pk": 11, "fields": {"action_time": "2022-03-11T05:40:20.841Z", "user": 1, "content_type": 11, "object_id": "1", "object_repr": "[First Year] First Year-Class 101", "action_flag": 3, "change_message": ""}}, {"model": "admin.logentry", "pk": 12, "fields": {"action_time": "2022-03-12T04:05:24.846Z", "user": 1, "content_type": 4, "object_id": "14", "object_repr": "cblake", "action_flag": 2, "change_message": "[{\"changed\": {\"fields\": [\"password\"]}}]"}}, {"model": "admin.logentry", "pk": 13, "fields": {"action_time": "2022-03-12T04:06:41.463Z", "user": 1, "content_type": 4, "object_id": "14", "object_repr": "cblake", "action_flag": 2, "change_message": "[{\"changed\": {\"fields\": [\"password\"]}}]"}}, {"model": "admin.logentry", "pk": 14, "fields": {"action_time": "2025-08-01T14:55:13.585Z", "user": 1, "content_type": 4, "object_id": "14", "object_repr": "cblake", "action_flag": 2, "change_message": "[{\"changed\": {\"fields\": [\"Staff status\"]}}]"}}, {"model": "admin.logentry", "pk": 15, "fields": {"action_time": "2025-08-01T14:59:36.196Z", "user": 1, "content_type": 4, "object_id": "14", "object_repr": "cblake", "action_flag": 2, "change_message": "[{\"changed\": {\"fields\": [\"Staff status\"]}}]"}}, {"model": "auth.permission", "pk": 1, "fields": {"name": "Can add log entry", "content_type": 1, "codename": "add_logentry"}}, {"model": "auth.permission", "pk": 2, "fields": {"name": "Can change log entry", "content_type": 1, "codename": "change_logentry"}}, {"model": "auth.permission", "pk": 3, "fields": {"name": "Can delete log entry", "content_type": 1, "codename": "delete_logentry"}}, {"model": "auth.permission", "pk": 4, "fields": {"name": "Can view log entry", "content_type": 1, "codename": "view_logentry"}}, {"model": "auth.permission", "pk": 5, "fields": {"name": "Can add permission", "content_type": 2, "codename": "add_permission"}}, {"model": "auth.permission", "pk": 6, "fields": {"name": "Can change permission", "content_type": 2, "codename": "change_permission"}}, {"model": "auth.permission", "pk": 7, "fields": {"name": "Can delete permission", "content_type": 2, "codename": "delete_permission"}}, {"model": "auth.permission", "pk": 8, "fields": {"name": "Can view permission", "content_type": 2, "codename": "view_permission"}}, {"model": "auth.permission", "pk": 9, "fields": {"name": "Can add group", "content_type": 3, "codename": "add_group"}}, {"model": "auth.permission", "pk": 10, "fields": {"name": "Can change group", "content_type": 3, "codename": "change_group"}}, {"model": "auth.permission", "pk": 11, "fields": {"name": "Can delete group", "content_type": 3, "codename": "delete_group"}}, {"model": "auth.permission", "pk": 12, "fields": {"name": "Can view group", "content_type": 3, "codename": "view_group"}}, {"model": "auth.permission", "pk": 13, "fields": {"name": "Can add user", "content_type": 4, "codename": "add_user"}}, {"model": "auth.permission", "pk": 14, "fields": {"name": "Can change user", "content_type": 4, "codename": "change_user"}}, {"model": "auth.permission", "pk": 15, "fields": {"name": "Can delete user", "content_type": 4, "codename": "delete_user"}}, {"model": "auth.permission", "pk": 16, "fields": {"name": "Can view user", "content_type": 4, "codename": "view_user"}}, {"model": "auth.permission", "pk": 17, "fields": {"name": "Can add content type", "content_type": 5, "codename": "add_contenttype"}}, {"model": "auth.permission", "pk": 18, "fields": {"name": "Can change content type", "content_type": 5, "codename": "change_contenttype"}}, {"model": "auth.permission", "pk": 19, "fields": {"name": "Can delete content type", "content_type": 5, "codename": "delete_contenttype"}}, {"model": "auth.permission", "pk": 20, "fields": {"name": "Can view content type", "content_type": 5, "codename": "view_contenttype"}}, {"model": "auth.permission", "pk": 21, "fields": {"name": "Can add session", "content_type": 6, "codename": "add_session"}}, {"model": "auth.permission", "pk": 22, "fields": {"name": "Can change session", "content_type": 6, "codename": "change_session"}}, {"model": "auth.permission", "pk": 23, "fields": {"name": "Can delete session", "content_type": 6, "codename": "delete_session"}}, {"model": "auth.permission", "pk": 24, "fields": {"name": "Can view session", "content_type": 6, "codename": "view_session"}}, {"model": "auth.permission", "pk": 25, "fields": {"name": "Can add course", "content_type": 7, "codename": "add_course"}}, {"model": "auth.permission", "pk": 26, "fields": {"name": "Can change course", "content_type": 7, "codename": "change_course"}}, {"model": "auth.permission", "pk": 27, "fields": {"name": "Can delete course", "content_type": 7, "codename": "delete_course"}}, {"model": "auth.permission", "pk": 28, "fields": {"name": "Can view course", "content_type": 7, "codename": "view_course"}}, {"model": "auth.permission", "pk": 29, "fields": {"name": "Can add department", "content_type": 8, "codename": "add_department"}}, {"model": "auth.permission", "pk": 30, "fields": {"name": "Can change department", "content_type": 8, "codename": "change_department"}}, {"model": "auth.permission", "pk": 31, "fields": {"name": "Can delete department", "content_type": 8, "codename": "delete_department"}}, {"model": "auth.permission", "pk": 32, "fields": {"name": "Can view department", "content_type": 8, "codename": "view_department"}}, {"model": "auth.permission", "pk": 33, "fields": {"name": "Can add user profile", "content_type": 9, "codename": "add_userprofile"}}, {"model": "auth.permission", "pk": 34, "fields": {"name": "Can change user profile", "content_type": 9, "codename": "change_userprofile"}}, {"model": "auth.permission", "pk": 35, "fields": {"name": "Can delete user profile", "content_type": 9, "codename": "delete_userprofile"}}, {"model": "auth.permission", "pk": 36, "fields": {"name": "Can view user profile", "content_type": 9, "codename": "view_userprofile"}}, {"model": "auth.permission", "pk": 37, "fields": {"name": "Can add student", "content_type": 10, "codename": "add_student"}}, {"model": "auth.permission", "pk": 38, "fields": {"name": "Can change student", "content_type": 10, "codename": "change_student"}}, {"model": "auth.permission", "pk": 39, "fields": {"name": "Can delete student", "content_type": 10, "codename": "delete_student"}}, {"model": "auth.permission", "pk": 40, "fields": {"name": "Can view student", "content_type": 10, "codename": "view_student"}}, {"model": "auth.permission", "pk": 41, "fields": {"name": "Can add class", "content_type": 11, "codename": "add_class"}}, {"model": "auth.permission", "pk": 42, "fields": {"name": "Can change class", "content_type": 11, "codename": "change_class"}}, {"model": "auth.permission", "pk": 43, "fields": {"name": "Can delete class", "content_type": 11, "codename": "delete_class"}}, {"model": "auth.permission", "pk": 44, "fields": {"name": "Can view class", "content_type": 11, "codename": "view_class"}}, {"model": "auth.permission", "pk": 45, "fields": {"name": "Can add class student", "content_type": 12, "codename": "add_classstudent"}}, {"model": "auth.permission", "pk": 46, "fields": {"name": "Can change class student", "content_type": 12, "codename": "change_classstudent"}}, {"model": "auth.permission", "pk": 47, "fields": {"name": "Can delete class student", "content_type": 12, "codename": "delete_classstudent"}}, {"model": "auth.permission", "pk": 48, "fields": {"name": "Can view class student", "content_type": 12, "codename": "view_classstudent"}}, {"model": "auth.permission", "pk": 49, "fields": {"name": "Can add attendance", "content_type": 13, "codename": "add_attendance"}}, {"model": "auth.permission", "pk": 50, "fields": {"name": "Can change attendance", "content_type": 13, "codename": "change_attendance"}}, {"model": "auth.permission", "pk": 51, "fields": {"name": "Can delete attendance", "content_type": 13, "codename": "delete_attendance"}}, {"model": "auth.permission", "pk": 52, "fields": {"name": "Can view attendance", "content_type": 13, "codename": "view_attendance"}}, {"model": "auth.user", "pk": 1, "fields": {"password": "pbkdf2_sha256$320000$LqyoTGLChUWVjto7yPTFcE$IQaL4bDEPQcmS5bVQ2uWY1/B6ZzPR3K//O+TE9ddjPo=", "last_login": "2025-08-07T13:58:38.825Z", "is_superuser": true, "username": "admin", "first_name": "System", "last_name": "Administrator", "email": "admin@gmail.com", "is_staff": true, "is_active": true, "date_joined": "2022-03-10T07:23:41.968Z", "groups": [], "user_permissions": []}}, {"model": "auth.user", "pk": 17, "fields": {"password": "pbkdf2_sha256$1000000$yB0I4Z8Vt7yLqcEm8kGG9y$/fQjvS6kzildwuGFVr0q8J00GNuKaWoJC7kaM6sNLG4=", "last_login": "2025-08-07T13:44:22.616Z", "is_superuser": false, "username": "sora", "first_name": "Sora", "last_name": "", "email": "sora@gmail.com", "is_staff": false, "is_active": true, "date_joined": "2025-08-05T13:55:33.987Z", "groups": [], "user_permissions": []}}, {"model": "auth.user", "pk": 18, "fields": {"password": "pbkdf2_sha256$1000000$or35aUFnEPsZd3TPPUNgyk$I94YA5A5nq/FqPVeJzkYrG2oOe6Ps3iY2eNhvodR9c4=", "last_login": "2025-08-06T05:07:18.111Z", "is_superuser": false, "username": "xorn", "first_name": "Xorn", "last_name": "", "email": "xorn@gmail.com", "is_staff": false, "is_active": true, "date_joined": "2025-08-06T04:40:20.578Z", "groups": [], "user_permissions": []}}, {"model": "auth.user", "pk": 19, "fields": {"password": "pbkdf2_sha256$1000000$EyS1TFrgBHs5gviUPM5okc$KvtY5jkPMSVb33H6unOUBmDQ86TxCu0hhuTW6ZyldRQ=", "last_login": "2025-08-07T08:10:50.337Z", "is_superuser": false, "username": "nwet", "first_name": "Tchal Nwet", "last_name": "", "email": "nwet@gmail.com", "is_staff": false, "is_active": true, "date_joined": "2025-08-06T05:40:15.830Z", "groups": [], "user_permissions": []}}, {"model": "auth.user", "pk": 20, "fields": {"password": "pbkdf2_sha256$1000000$F5vSjC77qppqI9X73DJ88K$TrspYO73m8CuyNk5JatxjQFJ4AJIqI1DcEUGpoS2Oas=", "last_login": null, "is_superuser": false, "username": "kyaw", "first_name": "U Kyaw Kyaw", "last_name": "", "email": "kyaw@gmail.com", "is_staff": false, "is_active": true, "date_joined": "2025-08-06T05:42:02.970Z", "groups": [], "user_permissions": []}}, {"model": "auth.user", "pk": 21, "fields": {"password": "pbkdf2_sha256$1000000$HNhqMMa9nxGWiLQz6OgPdu$4nW0aFhYyPbAU37gT0zQX2iRjCdcDmidsoLu4rpHwLQ=", "last_login": null, "is_superuser": false, "username": "tin", "first_name": "Tchal Tin", "last_name": "", "email": "tin@gmail.com", "is_staff": false, "is_active": true, "date_joined": "2025-08-06T05:44:07.733Z", "groups": [], "user_permissions": []}}, {"model": "auth.user", "pk": 22, "fields": {"password": "pbkdf2_sha256$1000000$WMXitef31PdOz1u0XxKaYJ$5Ke9jPzWsu5OTqzXKHZiBvYllV2ePFdu6oPW1K4o3yA=", "last_login": null, "is_superuser": false, "username": "aye", "first_name": "Tchal Aye", "last_name": "", "email": "aye@gmail.com", "is_staff": false, "is_active": true, "date_joined": "2025-08-06T05:45:14.814Z", "groups": [], "user_permissions": []}}, {"model": "contenttypes.contenttype", "pk": 1, "fields": {"app_label": "admin", "model": "logentry"}}, {"model": "contenttypes.contenttype", "pk": 2, "fields": {"app_label": "auth", "model": "permission"}}, {"model": "contenttypes.contenttype", "pk": 3, "fields": {"app_label": "auth", "model": "group"}}, {"model": "contenttypes.contenttype", "pk": 4, "fields": {"app_label": "auth", "model": "user"}}, {"model": "contenttypes.contenttype", "pk": 5, "fields": {"app_label": "contenttypes", "model": "contenttype"}}, {"model": "contenttypes.contenttype", "pk": 6, "fields": {"app_label": "sessions", "model": "session"}}, {"model": "contenttypes.contenttype", "pk": 7, "fields": {"app_label": "attendance", "model": "course"}}, {"model": "contenttypes.contenttype", "pk": 8, "fields": {"app_label": "attendance", "model": "department"}}, {"model": "contenttypes.contenttype", "pk": 9, "fields": {"app_label": "attendance", "model": "userprofile"}}, {"model": "contenttypes.contenttype", "pk": 10, "fields": {"app_label": "attendance", "model": "student"}}, {"model": "contenttypes.contenttype", "pk": 11, "fields": {"app_label": "attendance", "model": "class"}}, {"model": "contenttypes.contenttype", "pk": 12, "fields": {"app_label": "attendance", "model": "classstudent"}}, {"model": "contenttypes.contenttype", "pk": 13, "fields": {"app_label": "attendance", "model": "attendance"}}, {"model": "sessions.session", "pk": "0f1krag7h0xfmcpko1t3ag7lro4yqprb", "fields": {"session_data": ".eJxVjDsOwjAQRO_iGllZ2-s1lPScwVr_cAA5UpxUiLuTSCmgmGbem3kLz-tS_drz7MckLgLE6bcLHJ-57SA9uN0nGae2zGOQuyIP2uVtSvl1Pdy_g8q9bmtnMiVUqNGScZEBVFGmDGcmcDZjoEGjhi0WwGikFFxBRckBoAUjPl-i-DXF:1uiBss:4ZCW8dpHT6cL0ciLLoW0O9uXZTKFz5V6iGd5vO6Y4SU", "expire_date": "2025-08-16T13:02:46.215Z"}}, {"model": "sessions.session", "pk": "4ghphq49dgqr0ssfgqgbw19gmgu2mq3g", "fields": {"session_data": ".eJxVjDsOwjAQRO_iGllZ2-s1lPScwVr_cAA5UpxUiLuTSCmgmGbem3kLz-tS_drz7MckLgLE6bcLHJ-57SA9uN0nGae2zGOQuyIP2uVtSvl1Pdy_g8q9bmtnMiVUqNGScZEBVFGmDGcmcDZjoEGjhi0WwGikFFxBRckBoAUjPl-i-DXF:1uiBpo:HK5M01eJHmLFlGODiKT9uSfiCRfKXEif0HAIZgHqbz8", "expire_date": "2025-08-16T12:59:36.030Z"}}, {"model": "sessions.session", "pk": "7wutg5aof6opvqj8id1728kq2kg2uej0", "fields": {"session_data": ".eJxVjMEOwiAQRP-FsyFAu5R69N5vIAvLStVAUtqT8d9tkx70NMm8N_MWHrc1-62lxc8krkIP4vJbBozPVA5CDyz3KmMt6zIHeSjypE1OldLrdrp_Bxlb3tdJOyaLLinYU48BAxCj4qEjBMOMziLb3ik2YwKw7DhEUp2zYHpL4vMFPdE5DQ:1uk0us:_fwJp_z3YNqSwOdoVi0y_NSsOmM8zrUom6XH7_UGsuI", "expire_date": "2025-08-21T13:44:22.660Z"}}, {"model": "sessions.session", "pk": "b1iz69mx5d52rhgxi884s8inzrft8w0g", "fields": {"session_data": ".eJxVjEEOwiAQRe_C2hBgpmhduu8ZCMMMUjU0Ke3KeHdD0oVu_3vvv1WI-1bC3mQNM6ursur0u1FMT6kd8CPW-6LTUrd1Jt0VfdCmp4XldTvcv4MSW-l1yjafDeYE4gEyMBtHlwEJDBKRkRSNYHbi0VkLJN6NMiDm0TKAqM8X_6Y4Rw:1nSEox:IlvFRRk-2yV15dzgfbCSkzoUs-EDuf9BE-z7zuailYg", "expire_date": "2022-03-24T09:10:55.520Z"}}, {"model": "sessions.session", "pk": "daqs0ily7hsts86jst1bjm4qxim2uts2", "fields": {"session_data": ".eJxVjEEOwiAQRe_C2hBgpmhduu8ZCMMMUjU0Ke3KeHdD0oVu_3vvv1WI-1bC3mQNM6ursur0u1FMT6kd8CPW-6LTUrd1Jt0VfdCmp4XldTvcv4MSW-l1yjafDeYE4gEyMBtHlwEJDBKRkRSNYHbi0VkLJN6NMiDm0TKAqM8X_6Y4Rw:1nSE3G:jdNDPfNpCLFZDLJPaQbtage2JjMtK6Q3RZ-nBJiL5EY", "expire_date": "2022-03-24T08:21:38.351Z"}}, {"model": "sessions.session", "pk": "kikbq4z4h4mpoa1rnzwjj2ekkiwit6rd", "fields": {"session_data": ".eJxVjEEOwiAQRe_C2hBgpmhduu8ZCMMMUjU0Ke3KeHdD0oVu_3vvv1WI-1bC3mQNM6ursur0u1FMT6kd8CPW-6LTUrd1Jt0VfdCmp4XldTvcv4MSW-l1yjafDeYE4gEyMBtHlwEJDBKRkRSNYHbi0VkLJN6NMiDm0TKAqM8X_6Y4Rw:1nSuUi:yqLGGiDyI-dQ374oCbBmFOWG5i2r_EqSB719eWY5_5A", "expire_date": "2022-03-26T05:40:48.244Z"}}, {"model": "sessions.session", "pk": "kyoq61g6fksrpgezv26p756ue6f3785q", "fields": {"session_data": ".eJxVjDsOwjAQBe_iGln-bgwlPWew1rs2CSBbipMKcXcSKQW0b2beW0RclzGuPc9xYnER2onT75iQnrnuhB9Y701Sq8s8Jbkr8qBd3hrn1_Vw_w5G7ONWD-BJOcxgIDAlDh4HVmEgBQAhWb9BY9mEM1mtvU3BGy4FyIHjgiQ-X_X2N9k:1nStaY:VDFWL2KP94dV7el1Uy22ymYqO0mS_olxxF1u9m4yOiw", "expire_date": "2022-03-26T04:42:46.412Z"}}, {"model": "sessions.session", "pk": "qqtkcatt5tqbgjzcapl6iueotpmxm8fh", "fields": {"session_data": ".eJxVjDsOwjAQRO_iGllZ2-s1lPScwVr_cAA5UpxUiLuTSCmgmGbem3kLz-tS_drz7MckLgLE6bcLHJ-57SA9uN0nGae2zGOQuyIP2uVtSvl1Pdy_g8q9bmtnMiVUqNGScZEBVFGmDGcmcDZjoEGjhi0WwGikFFxBRckBoAUjPl-i-DXF:1uioGd:uyDaWbVB0RdBMkgSnp1Z5YAg2D3JnvaNFliyY3idpGQ", "expire_date": "2025-08-18T06:01:51.765Z"}}, {"model": "sessions.session", "pk": "xb4ifvucnc80gi5u9ceccbfe8h2whrj4", "fields": {"session_data": ".eJxVjMsOwiAQRf-FtSG8hoJL934DAWaQqoGktCvjv2uTLnR7zzn3xULc1hq2QUuYkZ2ZZKffLcX8oLYDvMd26zz3ti5z4rvCDzr4tSM9L4f7d1DjqN_aFzIgky9AJhJhEdJmZUhPGnT2OOnkFFr0QOSEccqqBB5lFuCztYK9P_LQN7g:1uk18g:Ptsl9TRBJ8OLRJCwGVf_5FZiKzN-PtLKJHc8hUo82YQ", "expire_date": "2025-08-21T13:58:38.858Z"}}, {"model": "attendance.department", "pk": 1, "fields": {"name": "Software Department", "description": "SE", "status": 1, "date_added": "2022-03-10T09:09:49.941Z", "date_updated": "2025-08-06T03:37:12.086Z"}}, {"model": "attendance.department", "pk": 2, "fields": {"name": "Business Information System Department", "description": "BIS", "status": 1, "date_added": "2022-03-11T00:35:07.614Z", "date_updated": "2025-08-06T03:37:37.117Z"}}, {"model": "attendance.department", "pk": 3, "fields": {"name": "Knowledge Engineering Department", "description": "KE", "status": 1, "date_added": "2022-03-11T00:39:21.657Z", "date_updated": "2025-08-06T03:37:57.545Z"}}, {"model": "attendance.department", "pk": 4, "fields": {"name": "High Performance Computing Department", "description": "HPC", "status": 1, "date_added": "2022-03-11T00:39:44.504Z", "date_updated": "2025-08-06T03:39:27.507Z"}}, {"model": "attendance.department", "pk": 5, "fields": {"name": "Cyber Security Forensis Department", "description": "CSF", "status": 1, "date_added": "2022-03-11T00:46:54.794Z", "date_updated": "2025-08-06T03:39:39.743Z"}}, {"model": "attendance.department", "pk": 6, "fields": {"name": "TEST101", "description": "This is a sample Department only", "status": 1, "date_added": "2022-03-12T08:02:28.767Z", "date_updated": "2022-03-12T08:25:15.824Z"}}, {"model": "attendance.department", "pk": 8, "fields": {"name": "Computer Technology Department", "description": "CT", "status": 1, "date_added": "2025-08-06T03:39:17.689Z", "date_updated": "2025-08-06T03:39:17.691Z"}}, {"model": "attendance.userprofile", "pk": 1, "fields": {"user": 1, "contact": "09123456789", "dob": "1997-06-23", "address": "Sample Only", "avatar": "images/avatar.png", "user_type": 1, "gender": null, "department": null}}, {"model": "attendance.userprofile", "pk": 17, "fields": {"user": 17, "contact": "09791017918", "dob": "2004-10-08", "address": "Hpa-an", "avatar": "images/images_4.jpg", "user_type": 2, "gender": "Female", "department": 2}}, {"model": "attendance.userprofile", "pk": 18, "fields": {"user": 18, "contact": "09675901448", "dob": "2004-03-15", "address": "Kyaik-Hto", "avatar": "images/rabbit.jpg", "user_type": 2, "gender": "Male", "department": 2}}, {"model": "attendance.userprofile", "pk": 19, "fields": {"user": 19, "contact": "0975629224", "dob": "1997-02-26", "address": "Yangon", "avatar": "images/wooky.jpg", "user_type": 2, "gender": "Female", "department": 2}}, {"model": "attendance.userprofile", "pk": 20, "fields": {"user": 20, "contact": "0987893747", "dob": "1996-05-27", "address": "Yangon", "avatar": "images/cat.jpg", "user_type": 2, "gender": "Male", "department": 2}}, {"model": "attendance.userprofile", "pk": 21, "fields": {"user": 21, "contact": "09962270911", "dob": "1997-06-04", "address": "Yangon", "avatar": "images/images_4_1lzWNnv.jpg", "user_type": 2, "gender": "Female", "department": 2}}, {"model": "attendance.userprofile", "pk": 22, "fields": {"user": 22, "contact": "0974737864", "dob": "1997-05-07", "address": "Yangon", "avatar": "images/rabbit_784yEJt.jpg", "user_type": 2, "gender": "Male", "department": 2}}, {"model": "attendance.course", "pk": 19, "fields": {"department": 2, "name": "BIS", "description": "E-004", "status": 1, "date_added": "2025-08-06T04:38:43.210Z", "date_updated": "2025-08-06T04:38:43.218Z"}}, {"model": "attendance.course", "pk": 20, "fields": {"department": 1, "name": "SE", "description": "E-001", "status": 1, "date_added": "2025-08-06T05:51:34.699Z", "date_updated": "2025-08-06T05:51:34.706Z"}}, {"model": "attendance.course", "pk": 21, "fields": {"department": 3, "name": "KE", "description": "E-005", "status": 1, "date_added": "2025-08-06T05:56:28.301Z", "date_updated": "2025-08-06T05:56:28.310Z"}}, {"model": "attendance.course", "pk": 22, "fields": {"department": 1, "name": "SE", "description": "E-002", "status": 1, "date_added": "2025-08-06T05:56:58.482Z", "date_updated": "2025-08-06T05:56:58.489Z"}}, {"model": "attendance.course", "pk": 23, "fields": {"department": 1, "name": "SE", "description": "E-003", "status": 1, "date_added": "2025-08-06T05:57:15.415Z", "date_updated": "2025-08-06T05:57:15.422Z"}}, {"model": "attendance.course", "pk": 24, "fields": {"department": 4, "name": "HPC", "description": "F-201", "status": 1, "date_added": "2025-08-06T06:00:16.268Z", "date_updated": "2025-08-06T06:00:16.277Z"}}, {"model": "attendance.course", "pk": 25, "fields": {"department": 5, "name": "CSF", "description": "E-201", "status": 1, "date_added": "2025-08-06T06:01:28.357Z", "date_updated": "2025-08-06T06:01:28.363Z"}}, {"model": "attendance.course", "pk": 26, "fields": {"department": 8, "name": "CT", "description": "E-202", "status": 1, "date_added": "2025-08-06T06:01:54.165Z", "date_updated": "2025-08-06T06:01:54.173Z"}}, {"model": "attendance.student", "pk": 3, "fields": {"student_code": "2306141507", "course": 19, "first_name": "Angela", "gender": "Female", "dob": "1997-06-23", "contact": "09987564123", "date_added": "2022-03-12T08:07:28.914Z", "date_updated": "2025-08-06T05:48:20.007Z"}}, {"model": "attendance.student", "pk": 7, "fields": {"student_code": "22543", "course": 19, "first_name": "Kyaw Soe", "gender": "Male", "dob": "2004-03-15", "contact": "09962270911", "date_added": "2025-08-06T04:43:05.994Z", "date_updated": "2025-08-06T04:45:24.692Z"}}, {"model": "attendance.student", "pk": 8, "fields": {"student_code": "22373", "course": 19, "first_name": "Hnin Htet Htet Sam", "gender": "Female", "dob": "2004-05-08", "contact": "09787348341", "date_added": "2025-08-06T04:46:28.447Z", "date_updated": "2025-08-06T04:46:28.462Z"}}, {"model": "attendance.student", "pk": 9, "fields": {"student_code": "22567", "course": 19, "first_name": "Su Su", "gender": "Female", "dob": "2003-08-30", "contact": "09579727593", "date_added": "2025-08-06T05:34:47.761Z", "date_updated": "2025-08-06T05:34:47.773Z"}}, {"model": "attendance.student", "pk": 10, "fields": {"student_code": "22532", "course": 19, "first_name": "Htun Htun", "gender": "Male", "dob": "2003-07-25", "contact": "0974573927", "date_added": "2025-08-06T05:35:32.589Z", "date_updated": "2025-08-06T05:35:32.601Z"}}, {"model": "attendance.student", "pk": 11, "fields": {"student_code": "22453", "course": 19, "first_name": "Kagura", "gender": "Female", "dob": "2004-05-13", "contact": "0974754729", "date_added": "2025-08-06T05:36:11.373Z", "date_updated": "2025-08-06T05:36:11.385Z"}}, {"model": "attendance.student", "pk": 12, "fields": {"student_code": "22212", "course": 20, "first_name": "Gusion", "gender": "Male", "dob": "2004-02-03", "contact": "0988489384", "date_added": "2025-08-06T06:05:00.666Z", "date_updated": "2025-08-06T06:05:00.678Z"}}, {"model": "attendance.student", "pk": 13, "fields": {"student_code": "22213", "course": 20, "first_name": "Lesley", "gender": "Female", "dob": "2004-12-04", "contact": "09475489345", "date_added": "2025-08-06T06:06:06.965Z", "date_updated": "2025-08-06T06:06:06.978Z"}}, {"model": "attendance.student", "pk": 14, "fields": {"student_code": "22214", "course": 22, "first_name": "Nana", "gender": "Female", "dob": "2005-04-15", "contact": "0937498759", "date_added": "2025-08-06T06:07:03.892Z", "date_updated": "2025-08-06T06:07:03.908Z"}}, {"model": "attendance.class", "pk": 11, "fields": {"assigned_faculty": 18, "course": 19, "school_year": "2025-2026", "level": "Sem-7", "name": "Python"}}, {"model": "attendance.class", "pk": 12, "fields": {"assigned_faculty": 19, "course": 19, "school_year": "2025-2026", "level": "Sem-7", "name": "BIS"}}, {"model": "attendance.class", "pk": 13, "fields": {"assigned_faculty": 17, "course": 19, "school_year": "2025-2026", "level": "Sem-7", "name": "Math"}}, {"model": "attendance.class", "pk": 14, "fields": {"assigned_faculty": 20, "course": 19, "school_year": "2025-2026", "level": "Sem-7", "name": "AI"}}, {"model": "attendance.class", "pk": 15, "fields": {"assigned_faculty": 21, "course": 19, "school_year": "2025-2026", "level": "Sem-7", "name": "E-commerce"}}, {"model": "attendance.class", "pk": 16, "fields": {"assigned_faculty": 22, "course": 19, "school_year": "2025-2026", "level": "Sem-7", "name": "Data Mining"}}]